"date","0-4","5-9","10-14","15-19","20-24","25-29","30-34","35-39","40-44","45-49","50-54","55-59","60-64","65-69","70-74","75-79","80+"
2001-01-01,8,3,3,3,4,5,7,8,10,16,27,41,58,83,175,251,487
2001-01-08,9,3,3,4,5,5,7,9,11,18,30,45,65,94,197,284,554
2001-01-15,19,6,6,7,9,11,14,19,22,37,63,95,137,199,421,611,1198
2001-01-22,14,4,4,5,7,8,10,14,16,27,46,71,103,150,320,468,923
2001-01-29,21,6,7,8,10,12,16,21,25,43,73,112,163,239,512,751,1489
2001-02-05,30,9,10,11,15,17,23,30,36,61,104,160,233,340,729,1071,2122
2001-02-12,6,2,2,2,3,4,5,6,7,13,22,33,48,71,151,222,440
2001-02-19,18,5,6,7,9,10,14,18,22,37,62,96,139,203,436,640,1268
2001-02-26,23,6,7,8,11,13,17,23,27,45,77,118,172,251,539,791,1569
2001-03-05,10,3,3,4,5,6,8,10,12,21,36,55,79,116,248,364,723
2001-03-12,9,3,3,4,5,5,7,9,11,19,32,49,71,103,221,325,645
2001-03-19,15,4,5,6,7,9,12,15,18,31,52,80,116,169,363,533,1056
2001-03-26,24,7,8,9,12,14,18,24,28,48,81,124,180,262,562,824,1634
2001-04-02,16,5,5,6,8,9,12,16,19,32,54,82,120,175,374,548,1087
2001-04-09,9,3,3,4,5,5,7,9,11,19,31,48,70,102,218,320,633
2001-04-16,15,4,5,6,7,9,11,15,18,29,50,76,111,161,345,506,1002
2001-04-23,12,4,4,5,6,7,9,12,14,24,41,62,90,131,280,410,812
2001-04-30,17,5,5,6,8,10,13,17,20,33,56,86,124,181,387,567,1122
2001-05-07,20,6,7,8,10,12,15,20,24,40,67,103,148,216,461,675,1335
2001-05-14,8,2,3,3,4,5,6,8,10,16,27,41,59,86,184,270,533
2001-05-21,18,6,6,7,9,11,14,18,22,36,61,93,135,196,417,610,1206
2001-05-28,10,3,3,4,5,6,7,10,12,19,33,50,72,104,221,324,639
2001-06-04,12,4,4,5,6,7,9,12,14,24,40,61,87,127,269,394,777
2001-06-11,23,7,8,9,11,13,17,23,27,45,75,114,164,238,506,739,1458
2001-06-18,26,8,9,10,13,15,20,26,30,51,85,129,186,269,572,835,1647
2001-06-25,18,6,6,7,9,11,14,18,21,36,60,92,132,191,405,592,1168
2001-07-02,14,4,5,5,7,8,11,14,16,28,46,70,101,147,312,456,901
2001-07-09,12,4,4,5,6,7,9,12,14,24,41,62,89,130,277,406,804
2001-07-16,14,4,4,5,7,8,11,14,17,28,48,73,106,155,334,493,982
2001-07-23,12,3,4,4,6,7,9,12,14,24,40,62,90,132,284,420,838
2001-07-30,10,3,3,4,5,6,8,10,12,20,34,52,75,109,233,342,677
2001-08-06,22,7,7,8,11,13,17,22,25,42,71,107,154,223,474,692,1366
2001-08-13,16,5,5,6,8,9,12,16,19,31,52,78,112,162,343,499,984
2001-08-20,11,3,4,4,6,7,8,11,13,21,36,54,78,112,237,346,680
2001-08-27,8,2,3,3,4,5,6,8,9,15,25,38,54,78,164,239,470
2001-09-03,8,2,3,3,4,5,6,8,9,15,25,38,54,78,166,241,475
2001-09-10,25,8,9,10,13,15,19,25,29,48,80,120,171,247,522,759,1491
2001-09-17,18,6,6,7,9,11,14,18,21,35,58,87,124,179,377,549,1078
2001-09-24,9,3,3,4,4,5,7,9,10,17,28,43,61,87,184,268,525
2001-10-01,10,3,3,4,5,6,8,10,12,19,32,48,68,98,206,299,586
2001-10-08,12,4,4,5,6,7,9,12,13,22,37,55,79,113,238,346,678
2001-10-15,22,7,8,9,11,13,17,22,25,42,70,105,149,214,449,652,1276
2001-10-22,10,3,3,4,5,6,8,10,11,19,31,47,67,96,201,291,569
2001-10-29,14,4,5,6,7,8,10,14,16,26,43,64,92,131,275,399,780
2001-11-05,4,1,2,2,2,3,3,4,5,8,13,20,29,41,86,124,243
2001-11-12,12,4,4,5,6,7,9,12,14,23,39,58,82,117,246,355,695
2001-11-19,7,2,3,3,4,4,5,7,8,13,22,33,47,67,141,205,400
2001-11-26,18,6,6,7,9,10,14,18,20,33,55,83,118,168,353,511,1000
2001-12-03,21,7,7,8,11,12,16,21,24,39,65,97,138,198,415,602,1178
2001-12-10,9,3,3,4,4,5,7,9,10,17,28,41,59,84,177,257,505
2001-12-17,14,5,5,6,7,8,11,14,17,27,45,68,97,139,294,427,839
2001-12-24,15,5,5,6,8,9,12,15,17,29,48,73,104,149,315,460,905
2001-12-31,11,4,4,5,6,7,9,11,13,22,37,56,80,116,245,359,710
2002-01-07,35,10,12,13,17,20,26,35,41,68,114,173,248,361,768,1129,2243
2002-01-14,6,2,2,2,3,3,4,6,7,11,19,30,43,63,134,198,396
2002-01-21,7,2,2,2,3,4,5,7,8,13,22,35,50,74,160,238,480
2002-01-28,21,6,6,8,10,12,16,21,25,43,74,115,168,248,537,805,1627
2002-02-04,10,3,3,4,5,6,8,10,12,21,35,54,79,117,254,380,769
2002-02-11,22,6,7,8,10,12,16,22,26,44,74,115,168,248,538,806,1629
2002-02-18,16,4,5,6,8,9,12,16,20,33,57,88,128,190,411,615,1243
2002-02-25,14,4,4,5,7,8,10,14,17,28,48,74,108,160,346,518,1048
2002-03-04,14,4,4,5,7,8,11,14,17,29,49,75,110,162,351,525,1063
2002-03-11,17,5,5,6,8,10,13,17,21,35,59,91,133,197,426,639,1292
2002-03-18,12,3,4,4,6,7,9,12,14,24,41,63,92,136,295,442,894
2002-03-25,7,2,2,2,3,4,5,7,8,13,23,35,51,75,162,243,492
2002-04-01,18,5,6,7,9,10,14,18,22,37,62,96,140,206,445,667,1348
2002-04-08,15,4,5,5,7,8,11,15,17,29,50,77,112,165,356,533,1077
2002-04-15,18,5,6,7,9,10,14,18,22,37,63,96,140,207,447,668,1351
2002-04-22,10,3,3,4,5,6,8,10,12,21,35,54,79,116,251,375,758
2002-04-29,14,4,4,5,7,8,10,14,16,28,47,72,105,155,334,499,1008
2002-05-06,9,2,3,3,4,5,6,9,10,17,29,44,65,95,205,306,617
2002-05-13,10,3,3,4,5,6,8,10,12,20,35,53,77,113,244,365,736
2002-05-20,8,2,2,3,4,5,6,8,9,16,27,41,59,87,187,279,562
2002-05-27,11,3,3,4,5,6,8,11,12,21,35,54,79,115,248,370,745
2002-06-03,12,4,4,5,6,7,9,12,15,25,42,63,92,135,290,432,870
2002-06-10,24,7,8,9,12,14,18,24,28,47,80,122,176,258,555,826,1663
2002-06-17,18,5,6,7,9,10,14,18,22,36,61,93,135,198,424,631,1270
2002-06-24,13,4,4,5,7,8,10,13,16,27,45,68,99,145,310,462,930
2002-07-01,12,4,4,5,6,7,9,12,15,24,41,63,91,133,285,425,856
2002-07-08,8,2,2,3,4,4,6,8,9,15,26,39,57,83,180,268,541
2002-07-15,20,5,6,7,9,11,15,20,23,40,67,104,151,224,485,729,1480
2002-07-22,17,4,5,6,8,9,13,17,20,34,59,91,133,198,431,651,1326
2002-07-29,8,2,3,3,4,5,6,8,10,17,28,43,62,91,197,294,595
2002-08-05,10,3,3,4,5,6,8,10,12,20,34,52,75,110,237,353,710
2002-08-12,7,2,2,3,4,4,5,7,8,14,24,36,52,76,163,242,486
2002-08-19,41,12,13,16,20,23,31,41,48,80,134,202,291,426,909,1351,2711
2002-08-26,14,4,5,5,7,8,11,14,17,28,46,70,101,148,316,469,940
2002-09-02,5,2,2,2,3,3,4,5,6,10,17,26,37,54,115,171,343
2002-09-09,3,1,1,1,2,2,2,3,4,6,10,15,22,31,67,99,199
2002-09-16,7,2,2,3,4,4,6,7,8,14,24,36,51,74,159,235,471
2002-09-23,26,8,9,10,13,15,20,26,31,51,86,129,186,270,575,852,1704
2002-09-30,21,7,7,8,11,12,16,21,25,41,69,104,150,217,463,685,1369
2002-10-07,24,7,8,9,12,14,18,24,28,47,78,117,168,243,517,765,1529
2002-10-14,14,4,5,6,7,8,11,14,16,27,46,69,98,142,302,447,892
2002-10-21,21,6,7,8,10,12,16,21,24,40,67,100,143,208,441,651,1298
2002-10-28,17,5,6,7,8,10,13,17,19,32,53,80,115,166,352,520,1036
2002-11-04,10,3,3,4,5,6,8,10,12,19,32,48,69,100,212,313,624
2002-11-11,13,4,5,5,7,8,10,13,16,26,43,64,91,132,280,414,824
2002-11-18,10,3,4,4,5,6,8,10,12,20,33,50,71,103,218,321,640
2002-11-25,14,4,5,6,7,8,11,14,16,27,45,68,97,140,296,437,872
2002-12-02,7,2,2,3,4,4,6,7,8,14,23,35,50,72,153,226,451
2002-12-09,13,4,4,5,6,8,10,13,15,25,41,62,89,129,273,404,807
2002-12-16,7,2,2,3,4,4,6,7,9,14,24,36,51,75,159,236,472
2002-12-23,11,3,4,4,6,7,9,11,13,22,37,56,80,117,250,371,744
2002-12-30,13,4,4,5,6,8,10,13,15,26,43,65,94,137,294,438,881
2003-01-06,13,4,4,5,7,8,10,13,16,26,44,68,98,143,308,461,933
2003-01-13,12,3,4,4,6,7,9,12,14,24,41,63,91,134,290,436,888
2003-01-20,19,5,6,7,9,10,14,19,22,38,65,100,146,218,474,718,1471
2003-01-27,6,2,2,2,3,3,5,6,7,13,22,33,49,73,161,245,505
2003-02-03,22,6,6,8,10,12,16,22,26,45,77,119,175,262,573,874,1801
2003-02-10,17,4,5,6,8,9,13,17,21,35,60,93,137,205,449,685,1411
2003-02-17,17,4,5,6,8,9,13,17,20,35,60,93,136,203,445,678,1398
2003-02-24,21,5,6,7,10,12,16,21,25,43,73,113,167,249,544,830,1711
2003-03-03,14,4,4,5,6,8,10,14,16,28,48,74,109,163,356,542,1118
2003-03-10,6,1,2,2,3,3,4,6,7,12,20,31,45,68,148,226,466
2003-03-17,17,5,5,6,8,10,13,17,21,36,61,94,138,206,449,685,1412
2003-03-24,6,2,2,2,3,4,5,6,8,13,22,34,50,75,164,250,515
2003-03-31,9,2,3,3,4,5,7,9,11,18,31,48,70,105,229,348,718
2003-04-07,23,6,7,8,11,13,17,23,27,46,79,121,177,265,578,880,1813
2003-04-14,16,4,5,6,7,9,12,16,19,32,55,84,124,184,402,613,1261
2003-04-21,14,4,4,5,7,8,10,14,17,28,48,75,109,163,355,540,1112
2003-04-28,9,2,3,3,4,5,7,9,11,19,32,49,71,106,231,351,722
2003-05-05,15,4,4,5,7,8,11,15,18,30,51,79,116,172,375,570,1172
2003-05-12,11,3,3,4,5,6,8,11,13,22,37,57,83,123,268,407,836
2003-05-19,8,2,2,3,4,5,6,8,10,16,28,43,63,93,203,308,632
2003-05-26,11,3,3,4,5,6,8,11,13,22,38,58,85,126,274,417,855
2003-06-02,13,4,4,5,6,7,10,13,16,26,45,69,100,148,322,489,1002
2003-06-09,7,2,2,2,3,4,5,7,8,13,23,35,50,75,162,245,503
2003-06-16,5,1,2,2,3,3,4,5,6,11,18,28,40,59,129,196,401
2003-06-23,13,4,4,5,6,7,10,13,15,26,44,67,98,145,314,476,975
2003-06-30,22,6,7,8,10,12,16,22,26,44,74,113,165,244,530,804,1648
2003-07-07,22,6,7,8,10,12,17,22,26,45,76,116,169,251,545,829,1702
2003-07-14,8,2,2,3,4,4,6,8,9,16,27,42,61,91,199,305,630
2003-07-21,9,2,2,3,4,5,6,9,10,18,30,47,70,105,230,355,738
2003-07-28,5,1,1,2,2,3,3,5,5,9,16,24,36,53,115,176,362
2003-08-04,12,3,4,5,6,7,9,12,15,25,42,63,92,137,296,449,921
2003-08-11,24,7,8,9,12,14,18,24,28,48,80,123,178,263,568,859,1758
2003-08-18,10,3,3,4,5,6,8,10,12,21,35,53,77,114,246,372,760
2003-08-25,14,4,5,5,7,8,11,14,17,29,48,73,106,156,336,508,1037
2003-09-01,7,2,2,3,3,4,5,7,8,13,23,34,50,73,157,238,486
2003-09-08,8,2,3,3,4,5,6,8,9,16,27,41,58,86,186,280,572
2003-09-15,9,3,3,4,5,5,7,9,11,19,31,47,68,100,216,326,664
2003-09-22,4,1,1,1,2,2,3,4,5,8,13,19,28,41,88,133,271
2003-09-29,8,2,2,3,4,4,6,8,9,15,25,38,54,80,171,258,526
2003-10-06,5,1,2,2,2,3,4,5,6,9,16,24,34,50,108,162,331
2003-10-13,5,1,2,2,2,3,4,5,6,9,16,24,34,50,106,160,325
2003-10-20,24,7,8,9,12,14,18,24,28,47,78,118,170,249,534,803,1631
2003-10-27,4,1,1,2,2,2,3,4,5,8,13,20,29,42,91,136,276
2003-11-03,12,4,4,5,6,7,9,12,14,24,39,59,85,125,267,401,814
2003-11-10,8,2,3,3,4,5,6,8,10,16,27,40,58,84,180,271,549
2003-11-17,8,3,3,3,4,5,6,8,10,16,27,41,59,87,185,278,564
2003-11-24,8,2,2,3,4,4,6,8,9,15,25,37,53,78,166,249,506
2003-12-01,8,2,2,3,4,4,6,8,9,15,25,37,53,78,167,251,510
2003-12-08,17,5,5,6,8,10,13,17,20,33,55,82,118,173,371,559,1135
2003-12-15,20,6,7,8,10,12,16,20,24,40,67,101,146,214,459,692,1410
2003-12-22,23,7,7,9,11,13,17,23,27,45,76,115,165,244,524,792,1617
2003-12-29,17,5,5,6,8,10,13,17,20,34,57,87,125,185,398,604,1237
2004-01-05,9,3,3,3,4,5,7,9,11,18,31,47,68,101,219,333,685
2004-01-12,19,5,6,7,9,11,15,19,23,39,67,102,149,223,485,742,1536
2004-01-19,25,6,7,9,11,14,18,25,30,50,86,133,195,293,643,991,2064
2004-01-26,9,2,3,3,4,5,7,9,11,19,34,52,77,117,258,400,839
2004-02-02,29,7,8,10,13,16,21,29,35,59,102,159,235,355,785,1219,2555
2004-02-09,8,2,2,3,3,4,6,8,9,16,27,42,61,93,205,319,668
2004-02-16,30,7,8,10,14,17,22,30,37,63,108,168,248,375,828,1286,2697
2004-02-23,9,2,3,3,4,5,7,9,11,19,32,50,73,111,244,379,795
2004-03-01,19,5,5,6,9,10,14,19,23,39,67,104,154,232,512,795,1667
2004-03-08,12,3,3,4,5,6,8,12,14,24,41,63,93,141,311,484,1014
2004-03-15,15,4,4,5,7,8,11,15,18,30,52,81,119,179,396,614,1288
2004-03-22,16,4,4,5,7,9,12,16,19,32,56,86,127,192,423,657,1377
2004-03-29,18,4,5,6,8,10,13,18,21,37,63,97,143,216,477,740,1550
2004-04-05,15,4,4,5,7,8,11,15,18,31,54,83,122,185,407,631,1321
2004-04-12,15,4,4,5,7,8,11,15,18,31,52,81,119,180,395,613,1284
2004-04-19,10,2,3,3,4,5,7,10,12,20,34,53,78,118,260,403,843
2004-04-26,17,4,5,6,8,9,13,17,21,35,60,93,137,206,454,703,1471
2004-05-03,9,2,3,3,4,5,7,9,11,19,33,51,75,113,249,385,805
2004-05-10,5,1,2,2,3,3,4,5,7,11,19,29,43,65,142,220,460
2004-05-17,14,4,4,5,7,8,11,14,17,29,50,76,112,168,369,571,1192
2004-05-24,12,3,4,4,6,7,9,12,15,25,42,65,95,143,314,486,1014
2004-05-31,13,3,4,5,6,7,10,13,16,27,46,71,104,156,342,528,1102
2004-06-07,11,3,3,4,5,6,8,11,13,23,39,59,87,130,286,441,919
2004-06-14,13,3,4,5,6,7,10,13,16,27,46,70,103,154,336,519,1082
2004-06-21,18,5,5,6,8,10,13,18,21,36,61,94,137,205,448,691,1439
2004-06-28,10,3,3,3,4,5,7,10,12,20,33,51,74,111,244,376,783
2004-07-05,16,4,5,6,8,9,12,16,20,34,57,88,128,192,421,651,1358
2004-07-12,8,2,2,3,4,5,6,8,10,17,29,45,66,99,218,338,708
2004-07-19,11,2,3,4,5,6,8,11,13,22,38,60,89,135,301,471,997
2004-07-26,16,4,5,6,7,9,12,16,19,33,57,88,129,195,429,667,1400
2004-08-02,10,3,3,4,5,6,8,10,13,21,36,55,81,121,265,410,856
2004-08-09,27,7,8,10,13,15,20,27,32,55,93,142,206,309,673,1038,2160
2004-08-16,16,4,5,6,8,9,12,16,19,32,55,83,121,181,394,607,1262
2004-08-23,13,3,4,5,6,7,10,13,15,26,43,66,96,143,312,480,997
2004-08-30,11,3,3,4,5,6,8,11,13,22,37,56,81,121,264,405,841
2004-09-06,23,6,7,8,11,13,17,23,27,46,78,118,172,256,557,855,1775
2004-09-13,4,1,1,2,2,3,3,4,5,9,15,23,33,50,108,166,343
2004-09-20,9,2,3,3,4,5,7,9,11,18,30,45,66,98,213,326,676
2004-09-27,7,2,2,2,3,4,5,7,8,13,22,33,48,71,154,237,490
2004-10-04,20,6,6,7,10,11,15,20,24,40,67,101,147,218,472,723,1496
2004-10-11,13,4,4,5,6,7,10,13,16,26,44,66,96,142,308,471,973
2004-10-18,14,4,4,5,7,8,10,14,16,27,45,68,98,146,315,482,996
2004-10-25,12,3,4,4,6,7,9,12,14,23,39,59,85,126,272,416,858
2004-11-01,12,3,4,4,6,7,9,12,14,23,39,58,84,124,269,410,846
2004-11-08,13,4,4,5,6,7,10,13,15,26,43,65,94,139,299,457,942
2004-11-15,11,3,4,4,6,7,9,11,13,22,38,57,82,121,261,399,822
2004-11-22,10,3,3,4,5,6,7,10,12,19,33,49,71,105,226,346,713
2004-11-29,9,3,3,4,5,5,7,9,11,19,31,47,68,101,218,334,688
2004-12-06,13,4,4,5,6,7,10,13,16,26,44,66,95,141,305,466,964
2004-12-13,17,5,5,7,8,10,13,17,21,35,58,88,127,189,409,627,1298
2004-12-20,10,3,3,4,5,6,7,10,12,20,33,51,73,109,236,363,753
2004-12-27,12,3,4,4,6,7,9,12,14,23,39,60,87,130,283,437,909
2005-01-03,5,1,1,2,2,3,4,5,6,10,16,25,36,54,119,183,383
2005-01-10,5,1,2,2,2,3,4,5,6,11,19,29,42,63,138,215,452
2005-01-17,5,1,1,2,2,3,3,5,6,9,16,25,37,56,123,193,408
2005-01-24,10,2,3,3,4,5,7,10,12,21,35,55,82,125,279,439,935
2005-01-31,8,2,2,3,3,4,6,8,9,16,28,44,65,99,220,348,742
2005-02-07,8,2,2,3,3,4,6,8,9,16,28,44,65,99,221,348,743
2005-02-14,6,1,2,2,3,3,4,6,7,12,21,33,49,74,165,261,556
2005-02-21,26,6,7,9,11,14,19,26,32,54,94,146,217,331,738,1165,2484
2005-02-28,9,2,2,3,4,5,6,9,11,18,32,49,73,111,248,391,834
2005-03-07,30,7,8,10,13,16,22,30,36,63,108,168,249,381,848,1339,2854
2005-03-14,7,2,2,2,3,4,5,7,9,15,26,40,60,91,202,319,681
2005-03-21,36,9,10,12,16,20,27,36,44,76,131,204,302,462,1027,1621,3454
2005-03-28,22,5,6,8,10,12,16,22,27,47,80,125,185,283,629,992,2114
2005-04-04,10,2,3,3,5,5,7,10,12,21,36,57,84,128,284,448,955
2005-04-11,10,2,3,3,4,5,7,10,12,21,36,55,82,125,277,436,929
2005-04-18,9,2,3,3,4,5,7,9,11,19,33,51,76,116,258,406,864
2005-04-25,18,4,5,6,8,10,13,18,22,38,65,100,148,226,501,790,1680
2005-05-02,32,8,9,11,14,17,23,32,38,66,112,174,257,391,867,1365,2903
2005-05-09,27,7,8,9,12,15,20,27,33,57,97,151,222,338,748,1177,2501
2005-05-16,19,5,5,7,9,10,14,19,23,39,67,104,153,232,515,809,1718
2005-05-23,3,1,1,1,1,2,2,3,4,7,12,18,27,40,89,140,297
2005-05-30,17,4,5,6,8,9,13,17,21,35,60,93,137,208,459,721,1530
2005-06-06,9,2,2,3,4,5,6,9,10,18,30,47,69,105,231,363,769
2005-06-13,11,3,3,4,5,6,8,11,13,22,37,57,84,128,282,443,939
2005-06-20,7,2,2,2,3,4,5,7,8,14,24,36,53,81,179,281,594
2005-06-27,17,4,5,6,8,9,13,17,20,35,59,91,134,202,447,701,1485
2005-07-04,9,2,3,3,4,5,7,9,11,19,32,50,73,111,245,384,814
2005-07-11,8,2,2,3,4,5,6,8,10,17,29,46,67,102,227,358,761
2005-07-18,12,3,3,4,5,6,9,12,14,25,43,67,100,153,343,546,1172
2005-07-25,19,4,5,6,8,10,14,19,22,39,66,103,153,233,519,822,1756
2005-08-01,6,1,2,2,3,3,4,6,7,12,20,31,46,69,153,241,511
2005-08-08,26,6,7,9,12,14,19,26,31,52,89,137,200,302,666,1044,2207
2005-08-15,14,4,4,5,7,8,11,14,17,29,49,76,111,167,367,575,1214
2005-08-22,10,2,3,3,4,5,7,10,11,19,33,50,73,111,243,380,802
2005-08-29,16,4,5,6,8,9,12,16,20,33,56,86,125,189,415,648,1367
2005-09-05,13,3,4,5,6,7,10,13,16,27,46,70,103,155,339,530,1117
2005-09-12,10,3,3,4,5,6,8,10,13,21,36,55,80,120,264,411,867
2005-09-19,8,2,2,3,4,5,6,8,10,16,28,42,61,92,203,316,666
2005-09-26,4,1,1,1,2,2,3,4,5,8,14,22,31,47,103,161,339
2005-10-03,45,12,13,16,21,25,33,45,53,90,151,230,335,503,1100,1713,3602
2005-10-10,11,3,3,4,5,6,8,11,13,22,37,56,82,123,268,418,877
2005-10-17,15,4,4,5,7,8,11,15,18,30,50,77,111,167,364,566,1188
2005-10-24,8,2,2,3,4,4,6,8,9,16,26,40,58,87,189,294,616
2005-10-31,16,4,5,6,8,9,12,16,19,33,55,83,120,180,393,610,1278
2005-11-07,22,6,7,8,10,12,17,22,26,44,74,113,163,244,531,825,1727
2005-11-14,11,3,3,4,5,6,8,11,13,21,35,54,78,116,253,393,823
2005-11-21,10,3,3,4,5,6,8,10,12,21,35,53,77,114,249,387,811
2005-11-28,7,2,2,3,3,4,5,7,8,14,23,35,51,77,167,260,544
2005-12-05,14,4,4,5,7,8,11,14,17,29,48,73,106,158,345,536,1125
2005-12-12,20,5,6,7,9,11,15,20,24,40,67,102,148,222,485,755,1587
2005-12-19,10,3,3,4,5,6,8,10,12,21,35,53,77,116,254,396,833
2005-12-26,15,4,4,5,7,8,11,15,17,30,50,76,111,168,368,576,1216
2006-01-02,8,2,2,3,4,5,6,8,10,17,29,44,65,98,216,339,718
2006-01-09,11,3,3,4,5,6,8,11,13,22,38,58,85,130,288,454,968
2006-01-16,7,2,2,2,3,4,5,7,8,14,24,37,55,84,186,296,634
2006-01-23,9,2,2,3,4,5,6,9,10,18,31,49,73,112,252,403,871
2006-01-30,18,4,4,6,8,9,13,18,22,38,65,102,152,235,530,850,1840
2006-02-06,8,2,2,2,3,4,6,8,9,16,28,44,66,102,228,366,793
2006-02-13,10,2,3,3,4,5,7,10,12,21,36,56,84,130,292,469,1016
2006-02-20,14,3,4,4,6,7,10,14,17,29,51,80,119,184,413,662,1434
2006-02-27,6,1,2,2,3,3,4,6,7,13,22,35,52,80,180,288,624
2006-03-06,11,2,3,3,5,6,8,11,13,23,39,61,91,140,315,505,1092
2006-03-13,26,6,7,9,11,14,19,26,32,56,97,151,225,347,779,1250,2705
2006-03-20,15,3,4,5,6,8,11,15,18,32,54,85,127,195,438,703,1521
2006-03-27,20,4,5,6,9,10,14,20,24,42,72,112,167,258,578,927,2006
2006-04-03,12,3,3,4,5,6,8,12,14,25,42,66,98,152,340,545,1178
2006-04-10,12,3,3,4,5,6,9,12,14,25,43,66,99,152,340,545,1179
2006-04-17,18,4,5,6,8,9,13,18,22,37,65,101,149,230,515,825,1783
2006-04-24,15,3,4,5,6,8,11,15,18,31,53,82,122,187,419,671,1448
2006-05-01,9,2,2,3,4,5,6,9,11,19,32,50,74,113,253,405,874
2006-05-08,10,2,3,3,4,5,7,10,12,21,36,56,83,127,284,455,981
2006-05-15,17,4,4,6,7,9,12,17,20,35,60,92,137,210,470,751,1618
2006-05-22,20,5,5,7,9,11,15,20,24,42,71,110,163,251,560,894,1927
2006-05-29,10,2,3,3,4,5,7,10,12,20,34,53,78,120,267,427,919
2006-06-05,13,3,4,4,6,7,10,13,16,27,46,72,106,162,361,576,1240
2006-06-12,14,3,4,5,6,8,10,14,17,29,50,77,113,173,386,615,1323
2006-06-19,7,2,2,3,3,4,5,7,9,15,26,41,60,92,204,326,700
2006-06-26,13,3,3,4,6,7,9,13,15,26,45,69,102,156,348,554,1192
2006-07-03,18,4,5,6,8,10,13,18,22,37,64,98,145,222,496,791,1702
2006-07-10,10,2,3,3,4,5,7,10,12,20,35,54,80,124,277,443,956
2006-07-17,19,4,5,6,8,10,14,19,23,41,70,110,164,254,572,922,2007
2006-07-24,12,3,3,4,5,6,8,12,14,25,42,66,98,152,342,551,1196
2006-07-31,12,3,3,4,5,6,9,12,14,25,43,66,98,150,334,533,1150
2006-08-07,21,5,6,7,9,11,15,21,25,43,73,112,165,252,560,891,1914
2006-08-14,19,5,5,7,9,10,14,19,23,39,67,103,151,230,511,811,1740
2006-08-21,8,2,2,3,4,4,6,8,9,16,27,42,62,94,209,332,712
2006-08-28,8,2,2,3,3,4,6,8,9,16,26,41,59,91,201,319,682
2006-09-04,31,7,9,11,14,17,23,31,37,63,107,164,241,367,813,1289,2759
2006-09-11,8,2,2,3,4,4,6,8,10,16,28,42,62,95,210,332,711
2006-09-18,13,3,4,5,6,7,10,13,16,26,45,69,101,153,338,536,1145
2006-09-25,7,2,2,2,3,4,5,7,8,14,24,37,54,82,180,285,609
2006-10-02,3,1,1,1,1,2,2,3,3,6,9,14,21,32,71,112,238
2006-10-09,20,5,6,7,9,11,15,20,24,40,68,103,151,229,505,797,1700
2006-10-16,8,2,2,3,4,4,6,8,10,16,28,42,62,94,206,326,694
2006-10-23,5,1,2,2,2,3,4,5,6,11,18,28,41,62,136,214,456
2006-10-30,12,3,3,4,5,6,9,12,14,24,40,61,88,133,293,462,984
2006-11-06,10,3,3,4,5,6,7,10,12,20,34,52,76,115,252,397,844
2006-11-13,10,2,3,3,4,5,7,10,12,19,33,50,72,110,241,379,806
2006-11-20,9,2,3,3,4,5,7,9,10,18,30,45,66,100,219,345,734
2006-11-27,14,4,4,5,7,8,11,14,17,28,48,73,106,161,353,557,1184
2006-12-04,13,3,4,4,6,7,9,13,15,26,43,66,96,145,319,503,1071
2006-12-11,19,5,5,7,9,10,14,19,23,39,65,99,145,219,483,764,1628
2006-12-18,10,3,3,4,5,6,8,10,12,21,36,54,79,120,265,420,898
2006-12-25,13,3,4,4,6,7,9,13,15,26,44,67,98,149,330,523,1121
2007-01-01,16,4,4,5,7,8,12,16,19,32,55,84,124,189,420,670,1441
2007-01-08,6,1,2,2,3,3,5,6,8,13,23,35,52,79,177,284,613
2007-01-15,9,2,2,3,4,5,7,9,11,19,33,52,77,119,267,430,936
2007-01-22,20,4,5,6,8,10,14,20,24,42,73,114,171,266,600,975,2133
2007-01-29,10,2,2,3,4,5,7,10,12,22,38,59,89,139,316,515,1131
2007-02-05,18,4,4,6,8,9,13,18,23,39,69,108,162,252,572,932,2047
2007-02-12,21,4,5,6,9,11,15,21,25,44,77,121,182,284,643,1047,2301
2007-02-19,19,4,5,6,8,10,14,19,24,41,72,113,169,264,599,976,2143
2007-02-26,11,2,3,4,5,6,8,11,14,24,42,65,98,153,346,564,1238
2007-03-05,13,3,3,4,5,7,9,13,16,28,48,75,112,175,398,648,1422
2007-03-12,22,5,5,7,9,11,16,22,27,47,81,127,191,297,673,1097,2408
2007-03-19,13,3,3,4,6,7,9,13,16,28,48,76,114,177,401,653,1433
2007-03-26,14,3,4,5,6,7,10,14,18,31,53,83,125,194,440,715,1570
2007-04-02,10,2,2,3,4,5,7,10,12,21,37,58,86,134,304,494,1084
2007-04-09,10,2,3,3,4,5,7,10,12,21,37,58,87,135,305,496,1089
2007-04-16,16,3,4,5,7,8,12,16,19,34,58,91,136,212,479,779,1708
2007-04-23,6,1,2,2,3,3,4,6,7,13,22,35,52,81,183,298,652
2007-04-30,40,9,10,13,17,21,29,40,49,86,148,230,343,534,1205,1956,4285
2007-05-07,6,1,2,2,3,3,5,6,8,14,24,37,55,85,193,313,684
2007-05-14,15,3,4,5,6,8,11,15,18,31,54,83,124,193,434,704,1541
2007-05-21,10,2,3,3,4,5,8,10,13,22,38,59,87,135,304,493,1077
2007-05-28,10,2,3,3,4,5,7,10,12,22,37,58,85,132,298,483,1055
2007-06-04,29,6,7,9,12,15,21,29,35,60,103,161,239,370,831,1345,2937
2007-06-11,10,2,3,3,4,5,7,10,12,21,36,56,83,128,287,465,1014
2007-06-18,11,2,3,4,5,6,8,11,13,23,39,61,90,139,313,506,1103
2007-06-25,9,2,2,3,4,5,6,9,11,18,32,49,73,113,253,410,893
2007-07-02,17,4,4,6,7,9,12,17,21,36,61,95,141,219,492,796,1737
2007-07-09,6,1,2,2,3,3,4,6,7,12,21,33,50,77,173,281,616
2007-07-16,31,6,8,10,13,16,23,31,39,67,117,183,274,429,973,1591,3505
2007-07-23,36,7,9,11,15,19,26,36,44,77,134,211,316,494,1123,1837,4053
2007-07-30,20,4,5,6,9,11,15,20,24,42,72,113,167,260,585,949,2077
2007-08-06,8,2,2,3,4,4,6,8,10,17,30,46,68,105,236,382,832
2007-08-13,5,1,1,2,2,3,4,5,7,11,19,30,44,68,153,247,538
2007-08-20,12,3,3,4,5,6,8,12,14,24,41,63,93,144,322,519,1128
2007-08-27,6,1,2,2,3,3,4,6,7,12,20,31,46,71,159,255,555
2007-09-03,3,1,1,1,1,2,2,3,4,7,12,18,27,41,92,148,322
2007-09-10,15,3,4,5,7,8,11,15,18,30,52,80,117,180,403,648,1405
2007-09-17,5,1,1,2,2,3,4,5,7,11,19,30,44,67,149,240,520
2007-09-24,10,2,3,3,4,5,7,10,12,20,35,53,78,120,268,431,934
2007-10-01,10,2,3,3,4,5,7,10,12,20,35,53,78,120,268,430,930
2007-10-08,14,3,4,5,6,7,10,14,16,28,48,73,107,164,366,586,1268
2007-10-15,10,2,3,4,5,6,8,10,12,21,36,55,80,123,274,439,948
2007-10-22,19,4,5,6,8,10,14,19,22,38,65,99,145,222,492,789,1703
2007-10-29,8,2,2,3,4,5,6,8,10,17,29,45,65,100,221,353,763
2007-11-05,20,5,6,7,9,11,15,20,24,41,69,106,154,236,523,837,1804
2007-11-12,6,2,2,2,3,4,5,6,8,13,22,34,50,76,169,270,583
2007-11-19,10,2,3,4,5,6,8,10,12,21,35,54,78,120,265,424,915
2007-11-26,26,6,7,9,12,14,19,26,31,53,90,138,201,307,681,1089,2348
2007-12-03,19,5,5,7,9,10,14,19,23,39,66,101,148,226,501,803,1733
2007-12-10,9,2,3,3,4,5,7,9,11,19,33,50,73,112,248,397,859
2007-12-17,15,3,4,5,7,8,11,15,18,31,52,80,118,181,402,646,1399
2007-12-24,6,1,2,2,3,3,4,6,7,12,21,33,48,74,164,264,574
2007-12-31,20,5,5,7,9,11,15,20,25,42,72,111,163,252,564,911,1986
2008-01-07,20,4,5,7,9,11,15,20,24,42,72,111,165,256,575,933,2042
2008-01-14,21,4,5,7,9,11,15,21,26,45,77,119,178,277,627,1024,2255
2008-01-21,13,3,3,4,5,7,9,13,16,28,48,76,113,178,406,668,1480
2008-01-28,8,1,2,2,3,4,5,8,9,17,29,46,69,109,249,412,917
2008-02-04,17,3,4,5,7,9,12,17,21,37,65,103,155,244,559,924,2058
2008-02-11,6,1,1,2,2,3,4,6,7,12,21,34,51,80,183,302,672
2008-02-18,7,1,2,2,3,4,5,7,9,15,26,41,62,98,223,369,821
2008-02-25,21,4,5,6,9,11,15,21,26,46,79,125,188,296,677,1119,2491
2008-03-03,13,3,3,4,5,7,9,13,16,28,49,76,115,181,414,684,1523
2008-03-10,33,7,8,10,14,17,24,33,41,72,125,197,296,467,1067,1762,3922
2008-03-17,15,3,4,5,6,8,11,15,19,33,57,89,134,212,484,799,1779
2008-03-24,15,3,4,5,6,8,11,15,19,33,58,90,136,214,489,808,1797
2008-03-31,12,2,3,4,5,6,8,12,14,25,44,68,103,162,369,609,1356
2008-04-07,10,2,2,3,4,5,7,10,12,21,36,57,86,135,307,507,1126
2008-04-14,8,2,2,3,3,4,6,8,10,18,31,48,73,114,261,430,956
2008-04-21,15,3,4,5,6,8,11,15,19,33,57,89,133,210,478,788,1750
2008-04-28,8,2,2,2,3,4,6,8,10,17,30,46,70,109,249,410,910
2008-05-05,8,2,2,2,3,4,6,8,10,17,30,46,69,109,247,407,904
2008-05-12,10,2,2,3,4,5,7,10,12,21,37,58,86,136,308,507,1125
2008-05-19,20,4,5,6,9,11,15,20,25,44,76,118,176,277,628,1033,2290
2008-05-26,10,2,2,3,4,5,7,10,12,21,37,57,85,133,303,497,1101
2008-06-02,14,3,3,4,6,7,10,14,17,29,50,78,117,183,415,682,1510
2008-06-09,21,4,5,7,9,11,15,21,25,44,75,117,175,273,620,1017,2249
2008-06-16,13,3,3,4,6,7,10,13,16,29,49,77,114,178,404,662,1465
2008-06-23,8,2,2,3,3,4,6,8,10,17,30,47,69,108,245,402,889
2008-06-30,10,2,3,3,4,5,7,10,12,22,37,58,86,134,304,499,1104
2008-07-07,11,2,3,4,5,6,8,11,14,24,41,64,96,151,342,562,1246
2008-07-14,14,3,3,4,6,7,10,14,17,30,52,81,122,192,437,723,1612
2008-07-21,9,2,2,3,4,5,7,9,11,20,35,56,85,134,309,514,1153
2008-07-28,7,1,2,2,3,4,5,7,8,15,25,39,59,93,211,347,771
2008-08-04,13,3,3,4,6,7,9,13,16,27,47,73,109,170,384,630,1393
2008-08-11,22,5,6,7,9,11,16,22,27,46,79,123,182,284,641,1050,2315
2008-08-18,10,2,3,3,5,5,8,10,13,22,38,58,86,135,304,497,1094
2008-08-25,19,4,5,6,8,10,14,19,23,39,67,104,154,239,539,881,1940
2008-09-01,7,2,2,2,3,4,5,7,9,15,25,39,57,89,201,328,722
2008-09-08,13,3,3,4,6,7,10,13,16,27,47,73,107,167,375,612,1346
2008-09-15,13,3,3,4,6,7,9,13,16,27,46,70,104,161,363,591,1300
2008-09-22,9,2,2,3,4,5,7,9,11,19,32,49,73,113,255,415,911
2008-09-29,11,2,3,4,5,6,8,11,13,22,38,59,87,135,303,493,1082
2008-10-06,12,3,3,4,5,7,9,12,15,26,44,68,100,155,348,567,1242
2008-10-13,7,2,2,2,3,4,5,7,9,15,25,39,57,88,197,321,703
2008-10-20,13,3,3,4,6,7,10,13,16,27,47,72,105,163,365,593,1298
2008-10-27,6,1,2,2,3,3,4,6,7,12,21,32,47,72,161,262,572
2008-11-03,25,6,6,8,11,13,18,25,30,51,87,133,195,301,673,1091,2384
2008-11-10,16,4,4,5,7,9,12,16,20,34,57,87,128,197,441,715,1563
2008-11-17,22,5,6,7,10,12,16,22,26,45,77,117,172,266,594,963,2103
2008-11-24,11,3,3,4,5,6,8,11,14,24,40,61,90,139,310,503,1098
2008-12-01,9,2,2,3,4,5,6,9,10,18,30,46,68,105,234,380,830
2008-12-08,15,3,4,5,7,8,11,15,19,32,54,83,123,190,425,690,1511
2008-12-15,4,1,1,1,2,2,3,4,5,8,14,21,31,48,107,175,383
2008-12-22,8,2,2,3,3,4,6,8,9,16,27,42,62,97,218,355,781
2008-12-29,10,2,3,3,5,6,8,10,13,22,38,58,86,134,303,496,1094
2009-01-05,8,2,2,3,4,4,6,8,10,18,31,48,71,111,252,414,916
2009-01-12,17,3,4,5,7,9,12,17,21,37,64,99,148,233,530,877,1952
2009-01-19,22,4,5,7,9,11,16,22,28,49,85,133,200,317,725,1207,2705
2009-01-26,29,5,6,8,12,15,21,29,36,64,113,178,270,431,993,1665,3757
2009-02-02,28,5,6,8,11,14,20,28,35,62,108,170,258,411,948,1588,3584
2009-02-09,11,2,3,3,5,6,8,11,14,25,44,69,105,168,386,647,1461
2009-02-16,13,2,3,4,5,6,9,13,16,28,49,78,118,188,434,727,1640
2009-02-23,19,4,4,6,8,10,14,19,24,42,73,116,175,279,644,1079,2434
2009-03-02,10,2,2,3,4,5,7,10,12,21,36,58,87,139,319,535,1207
2009-03-09,8,2,2,3,3,4,6,8,11,19,32,51,77,123,284,475,1072
2009-03-16,7,1,2,2,3,4,5,7,9,15,27,42,64,102,234,392,883
2009-03-23,15,3,3,5,6,8,11,15,19,34,59,93,140,223,513,859,1936
2009-03-30,13,3,3,4,5,7,10,13,17,29,51,80,121,193,445,744,1677
2009-04-06,10,2,2,3,4,5,7,10,13,22,39,61,92,147,338,565,1272
2009-04-13,5,1,1,1,2,2,4,5,6,11,19,29,44,70,161,270,607
2009-04-20,16,3,4,5,7,8,12,16,20,35,61,96,144,229,527,881,1983
2009-04-27,14,3,3,4,6,7,10,14,18,31,54,85,128,202,465,777,1747
2009-05-04,11,2,2,3,4,5,8,11,13,23,40,64,96,152,348,580,1305
2009-05-11,15,3,4,5,6,8,11,15,19,33,58,91,137,217,497,828,1861
2009-05-18,11,2,2,3,4,5,8,11,13,23,40,62,94,149,340,568,1274
2009-05-25,12,2,3,4,5,6,8,12,15,25,44,69,103,164,375,624,1401
2009-06-01,32,6,7,10,13,16,23,32,39,68,118,185,277,438,1003,1669,3743
2009-06-08,16,3,4,5,7,8,11,16,20,34,59,93,139,220,503,837,1875
2009-06-15,9,2,2,3,4,5,6,9,11,19,33,51,76,121,276,458,1027
2009-06-22,14,3,3,4,6,7,10,14,17,30,52,82,122,193,440,731,1637
2009-06-29,15,3,4,5,6,8,11,15,19,33,57,89,134,211,482,801,1795
2009-07-06,18,3,4,5,7,9,13,18,22,38,66,104,156,246,564,939,2108
2009-07-13,11,2,3,3,5,6,8,11,14,25,43,68,102,163,374,626,1410
2009-07-20,10,2,2,3,4,5,7,10,12,22,38,61,92,148,345,583,1328
2009-07-27,12,2,3,3,5,6,8,12,14,25,44,69,103,164,376,629,1418
2009-08-03,17,3,4,5,7,9,12,17,21,37,64,99,149,235,536,892,1998
2009-08-10,13,3,3,4,6,7,10,13,16,28,49,76,113,179,407,675,1508
2009-08-17,19,4,5,6,8,10,14,19,23,41,70,109,162,255,579,960,2142
2009-08-24,7,1,2,2,3,4,5,7,9,15,26,40,60,95,215,357,795
2009-08-31,9,2,2,3,4,5,6,9,11,19,33,51,75,118,268,444,989
2009-09-07,10,2,2,3,4,5,7,10,12,21,36,56,83,130,295,488,1087
2009-09-14,14,3,3,5,6,7,10,14,17,30,52,80,119,187,424,701,1560
2009-09-21,6,1,1,2,3,3,4,6,7,13,21,33,49,77,175,290,644
2009-09-28,9,2,2,3,4,5,7,9,11,19,32,50,74,116,263,434,965
2009-10-05,10,2,3,3,4,5,7,10,13,22,37,57,85,133,300,496,1100
2009-10-12,12,2,3,4,5,6,8,12,14,24,41,64,94,147,333,549,1217
2009-10-19,9,2,2,3,4,5,6,9,11,18,32,49,72,112,253,417,924
2009-10-26,23,5,6,7,10,12,17,23,28,49,83,127,188,293,662,1089,2412
2009-11-02,16,3,4,5,7,8,11,16,19,33,56,86,127,198,447,734,1625
2009-11-09,15,3,4,5,6,8,11,15,18,31,52,80,118,184,414,680,1504
2009-11-16,21,4,5,7,9,11,15,21,26,44,75,116,170,266,598,983,2175
2009-11-23,6,1,1,2,2,3,4,6,7,12,21,32,46,72,163,268,594
2009-11-30,10,2,3,3,4,5,7,10,13,22,37,56,83,130,292,481,1064
2009-12-07,17,4,4,6,7,9,12,17,21,36,61,94,139,217,489,805,1784
2009-12-14,12,2,3,4,5,6,9,12,15,25,43,66,98,153,345,569,1264
2009-12-21,13,3,3,4,6,7,9,13,16,28,47,73,108,169,383,633,1409
2009-12-28,6,1,2,2,3,3,5,6,8,14,23,36,54,85,193,320,713
2010-01-04,9,2,2,3,4,5,7,9,11,19,33,52,78,122,279,465,1042
2010-01-11,10,2,2,3,4,5,7,10,13,22,39,61,91,144,331,554,1247
2010-01-18,13,2,3,4,5,7,9,13,16,29,50,79,119,189,437,737,1670
2010-01-25,8,1,2,2,3,4,6,8,10,18,32,51,78,125,291,494,1128
2010-02-01,17,3,4,5,6,8,12,17,21,37,65,103,156,251,585,993,2268
2010-02-08,8,1,2,2,3,4,6,8,10,17,31,48,74,118,275,468,1068
2010-02-15,19,3,4,5,7,9,13,19,23,41,72,114,174,280,651,1105,2525
2010-02-22,10,2,2,3,4,5,7,10,13,23,40,63,96,154,358,608,1390
2010-03-01,7,1,2,2,3,4,5,7,9,16,28,44,67,107,249,422,964
2010-03-08,10,2,2,3,4,5,7,10,13,22,39,62,94,151,350,595,1358
2010-03-15,7,1,1,2,3,3,5,7,9,15,26,42,63,102,237,402,917
2010-03-22,11,2,2,3,4,6,8,11,14,25,43,69,104,168,389,660,1506
2010-03-29,17,3,4,5,7,9,12,17,22,39,67,107,162,260,602,1021,2331
2010-04-05,45,8,10,13,18,22,32,45,57,100,175,276,418,672,1558,2640,6023
2010-04-12,13,2,3,4,5,6,9,13,16,28,49,78,118,190,440,745,1699
2010-04-19,20,4,4,6,8,10,14,20,25,44,77,122,185,296,686,1162,2647
2010-04-26,14,2,3,4,6,7,10,14,17,31,54,85,128,205,475,804,1830
2010-05-03,17,3,4,5,7,8,12,17,21,36,63,100,151,242,559,945,2151
2010-05-10,24,4,5,7,10,12,17,24,30,52,91,143,216,346,800,1353,3078
2010-05-17,8,1,2,2,3,4,6,8,10,18,31,48,73,117,270,457,1038
2010-05-24,18,3,4,5,7,9,13,18,23,40,69,109,164,262,605,1021,2319
2010-05-31,13,2,3,4,5,7,10,13,17,29,51,80,120,192,443,747,1695
2010-06-07,9,2,2,3,3,4,6,9,11,19,32,51,76,122,280,472,1072
2010-06-14,7,1,2,2,3,3,5,7,8,15,25,40,60,95,219,369,837
2010-06-21,21,4,5,6,8,10,15,21,25,45,77,121,182,290,668,1125,2549
2010-06-28,10,2,2,3,4,5,7,10,12,21,36,57,86,136,314,529,1200
2010-07-05,4,1,1,1,2,2,3,4,5,9,16,25,38,61,141,238,540
2010-07-12,15,3,3,4,6,7,11,15,19,33,57,90,136,218,504,855,1949
2010-07-19,17,3,3,5,6,8,12,17,21,37,66,104,159,258,603,1032,2373
2010-07-26,15,3,3,4,6,7,11,15,19,33,57,90,137,220,510,865,1974
2010-08-02,8,1,2,2,3,4,6,8,10,18,31,48,72,115,265,447,1014
2010-08-09,10,2,2,3,4,5,7,10,12,22,38,59,88,141,323,543,1227
2010-08-16,16,3,4,5,7,8,11,16,20,34,59,92,138,219,503,844,1907
2010-08-23,11,2,3,3,5,6,8,11,14,24,42,66,98,156,357,599,1352
2010-08-30,11,2,3,3,5,6,8,11,14,24,41,63,95,150,344,577,1302
2010-09-06,6,1,1,2,2,3,4,6,7,13,22,34,51,81,186,312,703
2010-09-13,9,2,2,3,4,5,7,9,11,20,34,53,78,124,284,476,1072
2010-09-20,19,4,5,6,8,10,14,19,24,42,72,111,166,262,599,1003,2259
2010-09-27,13,2,3,4,5,6,9,13,15,27,46,71,106,167,382,639,1438
2010-10-04,11,2,3,4,5,6,8,11,14,24,42,65,97,153,348,582,1308
2010-10-11,13,3,3,4,5,7,9,13,16,28,47,73,109,172,392,655,1471
2010-10-18,14,3,3,4,6,7,10,14,17,30,51,78,116,184,418,698,1566
2010-10-25,10,2,2,3,4,5,7,10,12,20,35,54,80,126,287,479,1073
2010-11-01,23,4,5,7,10,12,16,23,28,48,82,126,187,294,669,1113,2494
2010-11-08,7,1,2,2,3,4,5,7,8,14,25,38,56,89,202,336,751
2010-11-15,9,2,2,3,4,4,6,9,11,18,31,48,71,112,254,423,948
2010-11-22,6,1,1,2,3,3,4,6,7,13,22,34,51,80,181,301,673
2010-11-29,9,2,2,3,4,5,7,9,11,19,33,50,74,117,266,443,993
2010-12-06,15,3,4,5,6,8,11,15,18,31,54,83,123,194,440,734,1645
2010-12-13,11,2,3,3,5,6,8,11,13,23,39,61,90,143,325,543,1220
2010-12-20,9,2,2,3,4,5,7,9,12,20,34,53,79,125,286,478,1076
2010-12-27,6,1,1,2,3,3,5,6,8,13,23,36,54,85,195,327,738
2011-01-03,12,2,3,4,5,6,9,12,15,27,46,72,108,172,396,667,1513
2011-01-10,17,3,4,5,7,8,12,17,21,37,64,101,152,243,560,949,2161
2011-01-17,21,4,5,6,8,10,15,21,27,47,82,129,196,316,735,1252,2870
2011-01-24,16,3,3,4,6,8,11,16,21,37,65,103,157,255,598,1027,2372
2011-01-31,12,2,2,3,4,6,8,12,15,27,47,74,114,185,434,746,1725
2011-02-07,12,2,2,3,4,6,8,12,15,26,46,73,111,181,424,729,1686
2011-02-14,18,3,4,5,7,9,12,18,22,40,70,112,171,278,652,1121,2591
2011-02-21,11,2,2,3,4,5,8,11,14,24,43,68,104,169,397,682,1576
2011-02-28,19,3,4,5,7,9,13,19,24,43,75,119,182,296,693,1191,2753
2011-03-07,12,2,3,3,5,6,9,12,16,28,49,77,118,192,449,771,1783
2011-03-14,6,1,1,2,2,3,4,6,8,13,24,38,57,93,217,374,863
2011-03-21,12,2,2,3,5,6,9,12,15,27,48,76,115,187,438,752,1737
2011-03-28,9,1,2,2,3,4,6,9,11,19,34,54,83,134,313,538,1242
2011-04-04,8,1,2,2,3,4,6,8,10,18,32,51,77,125,292,502,1158
2011-04-11,17,3,3,5,6,8,12,17,21,37,65,104,158,256,598,1025,2365
2011-04-18,17,3,4,5,7,8,12,17,21,38,66,105,160,259,605,1037,2391
2011-04-25,15,3,3,4,6,7,11,15,19,34,59,94,142,231,538,922,2126
2011-05-02,12,2,3,3,5,6,9,12,15,27,48,75,114,185,431,739,1702
2011-05-09,15,2,3,4,6,7,10,15,18,32,56,89,135,218,509,871,2004
2011-05-16,15,3,3,4,6,8,11,15,19,34,60,94,143,232,539,922,2121
2011-05-23,10,2,2,3,4,5,7,10,12,22,38,59,90,146,338,579,1330
2011-05-30,21,4,5,6,8,11,15,21,27,47,82,129,196,316,735,1256,2884
2011-06-06,29,5,6,8,12,14,21,29,36,64,112,175,265,428,994,1697,3895
2011-06-13,8,1,2,2,3,4,6,8,10,17,30,48,72,116,269,459,1053
2011-06-20,8,1,2,2,3,4,5,8,9,17,29,45,68,110,254,434,995
2011-06-27,17,3,4,5,7,8,12,17,21,37,64,101,153,246,571,974,2234
2011-07-04,23,4,5,7,9,11,16,23,29,51,89,139,211,340,789,1347,3092
2011-07-11,7,1,2,2,3,4,5,7,9,17,29,46,69,112,262,449,1034
2011-07-18,18,3,4,5,7,9,13,18,23,41,73,116,178,291,684,1182,2746
2011-07-25,31,5,6,9,12,15,22,31,39,70,122,194,295,479,1120,1927,4455
2011-08-01,5,1,1,2,2,3,4,5,7,12,20,32,48,78,181,310,712
2011-08-08,15,3,3,4,6,7,10,15,18,32,56,87,131,211,489,833,1907
2011-08-15,7,1,1,2,3,3,5,7,8,14,25,39,58,93,216,367,839
2011-08-22,8,1,2,2,3,4,6,8,10,18,31,49,74,119,274,465,1062
2011-08-29,7,1,2,2,3,4,5,7,9,16,28,43,65,104,240,408,931
2011-09-05,12,2,3,4,5,6,9,12,15,27,46,71,107,172,396,672,1533
2011-09-12,10,2,2,3,4,5,7,10,13,23,39,61,91,146,337,571,1301
2011-09-19,13,2,3,4,5,7,10,13,17,29,50,78,116,186,428,726,1654
2011-09-26,11,2,3,3,5,6,8,11,14,24,42,65,98,156,358,607,1381
2011-10-03,9,2,2,3,4,5,7,9,12,20,35,54,81,129,296,501,1139
2011-10-10,14,3,3,4,6,7,10,14,17,30,52,80,120,191,438,741,1682
2011-10-17,20,4,4,6,8,10,14,20,24,42,72,112,167,266,610,1030,2337
2011-10-24,10,2,2,3,4,5,7,10,12,21,36,55,82,131,300,507,1150
2011-10-31,6,1,1,2,3,3,4,6,8,13,22,35,52,82,189,318,721
2011-11-07,2,0,1,1,1,1,2,2,3,5,9,14,20,32,74,124,281
2011-11-14,24,4,5,7,10,12,17,24,29,51,87,135,201,319,730,1230,2785
2011-11-21,14,3,3,4,6,7,10,14,17,29,50,77,115,182,417,703,1591
2011-11-28,14,3,3,4,6,7,10,14,17,30,51,79,118,187,428,722,1636
2011-12-05,24,4,5,7,10,12,17,24,29,51,87,134,200,318,729,1231,2791
2011-12-12,8,1,2,2,3,4,6,8,10,17,29,44,66,105,242,409,928
2011-12-19,7,1,2,2,3,4,5,7,9,15,26,41,61,97,224,379,862
2011-12-26,8,1,2,2,3,4,6,8,10,17,29,46,68,110,253,429,980
2012-01-02,11,2,2,3,4,5,8,11,13,23,40,63,95,153,353,602,1380
2012-01-09,14,2,3,4,6,7,10,14,18,31,55,86,129,209,486,832,1916
2012-01-16,18,3,4,5,7,9,13,18,23,40,70,111,169,275,643,1109,2568
2012-01-23,26,4,5,7,10,12,18,26,33,59,103,165,252,413,974,1691,3946
2012-01-30,9,1,2,2,4,4,7,9,12,21,38,61,93,153,361,628,1468
2012-02-06,10,1,2,3,4,5,7,10,12,22,39,62,95,156,369,643,1503
2012-02-13,26,4,5,7,10,13,18,26,34,60,106,169,260,426,1006,1751,4094
2012-02-20,12,2,2,3,4,5,8,12,15,26,46,74,113,186,439,763,1784
2012-02-27,22,3,4,6,8,11,16,22,28,51,89,143,219,359,847,1473,3444
2012-03-05,14,2,3,4,5,6,9,14,17,31,55,87,133,219,516,897,2097
2012-03-12,16,2,3,4,6,8,11,16,20,36,63,100,154,252,594,1033,2413
2012-03-19,9,1,2,3,4,4,7,9,12,21,37,59,91,149,351,611,1428
2012-03-26,16,2,3,4,6,8,11,16,20,36,63,100,153,251,592,1030,2405
2012-04-02,10,2,2,3,4,5,7,10,13,23,41,65,99,162,382,663,1548
2012-04-09,13,2,2,3,5,6,9,13,16,28,50,79,121,198,467,810,1891
2012-04-16,7,1,1,2,2,3,5,7,8,15,26,41,63,103,243,421,982
2012-04-23,11,2,2,3,4,5,8,11,14,25,44,71,108,176,414,719,1675
2012-04-30,13,2,3,4,5,6,9,13,16,29,51,81,124,202,475,824,1919
2012-05-07,12,2,2,3,5,6,9,12,15,27,48,76,116,189,444,769,1791
2012-05-14,13,2,3,4,5,6,9,13,16,29,51,80,122,200,468,811,1886
2012-05-21,16,3,3,4,6,8,11,16,20,36,63,100,152,248,580,1004,2334
2012-05-28,14,2,3,4,5,7,10,14,17,31,54,85,129,210,492,850,1975
2012-06-04,17,3,3,5,6,8,12,17,21,37,65,102,155,252,591,1021,2369
2012-06-11,6,1,1,2,2,3,4,6,7,12,22,34,52,84,196,339,786
2012-06-18,12,2,2,3,5,6,8,12,15,26,46,72,110,178,416,719,1666
2012-06-25,13,2,3,4,5,6,9,13,16,29,50,79,119,194,454,783,1815
2012-07-02,10,2,2,3,4,5,7,10,13,23,40,62,95,154,361,623,1445
2012-07-09,13,2,3,3,5,6,9,13,16,28,49,78,119,194,456,789,1837
2012-07-16,16,2,3,4,6,7,11,16,20,36,63,100,153,252,595,1038,2431
2012-07-23,13,2,3,3,5,6,9,13,17,30,53,85,130,214,505,882,2068
2012-07-30,17,3,3,5,7,8,12,17,22,39,68,107,162,265,621,1075,2499
2012-08-06,13,2,3,4,5,6,9,13,16,28,49,77,117,189,442,762,1765
2012-08-13,3,0,1,1,1,1,2,3,3,6,10,16,24,39,92,158,365
2012-08-20,11,2,2,3,4,6,8,11,14,25,43,68,102,166,385,663,1530
2012-08-27,22,4,5,6,9,11,16,22,28,49,85,132,200,324,752,1292,2983
2012-09-03,10,2,2,3,4,5,7,10,12,21,37,58,87,141,327,562,1296
2012-09-10,10,2,2,3,4,5,7,10,12,22,38,59,89,143,332,570,1315
2012-09-17,7,1,1,2,3,3,5,7,8,15,26,40,61,98,228,390,899
2012-09-24,17,3,4,5,7,8,12,17,21,36,63,98,148,238,553,947,2179
2012-10-01,9,2,2,3,4,5,7,9,12,21,36,56,84,135,313,535,1230
2012-10-08,24,4,5,7,10,12,17,24,30,53,91,142,213,342,792,1355,3112
2012-10-15,3,0,1,1,1,1,2,3,3,6,10,16,24,39,90,154,354
2012-10-22,9,2,2,3,4,5,7,9,12,20,35,54,81,130,301,514,1178
2012-10-29,12,2,3,4,5,6,9,12,15,26,45,71,106,170,391,668,1531
2012-11-05,10,2,2,3,4,5,7,10,12,21,36,55,83,133,307,523,1199
2012-11-12,15,3,3,4,6,7,11,15,19,33,56,87,130,209,481,819,1876
2012-11-19,13,2,3,4,5,6,9,13,16,27,47,73,109,176,405,690,1580
2012-11-26,16,3,3,5,7,8,12,16,20,35,60,93,140,224,517,883,2021
2012-12-03,14,2,3,4,5,7,10,14,17,29,51,79,118,190,438,747,1712
2012-12-10,11,2,2,3,4,5,8,11,14,24,41,64,95,153,354,605,1389
2012-12-17,4,1,1,1,2,2,3,4,5,9,16,25,38,61,142,243,559
2012-12-24,20,3,4,6,8,10,14,20,24,43,74,115,174,281,651,1119,2579
2012-12-31,7,1,1,2,3,3,5,7,8,14,25,39,59,96,224,386,894
2013-01-07,10,2,2,3,4,5,7,10,13,22,39,61,93,151,353,611,1419
2013-01-14,7,1,1,2,3,3,5,7,8,15,26,42,64,104,246,427,999
2013-01-21,7,1,1,2,3,3,5,7,9,17,30,48,73,121,287,503,1184
2013-01-28,15,2,3,4,5,7,10,15,19,34,60,97,149,248,589,1038,2454
2013-02-04,6,1,1,2,2,3,4,6,8,14,25,40,62,103,245,431,1019
2013-02-11,16,2,3,4,6,8,11,16,21,37,66,105,162,269,640,1126,2662
2013-02-18,6,1,1,2,2,3,4,6,8,14,24,39,60,100,238,419,990
2013-02-25,16,2,3,4,6,8,11,16,21,37,66,106,163,270,643,1132,2675
2013-03-04,15,2,3,4,5,7,10,15,19,34,59,95,146,242,576,1014,2396
2013-03-11,12,2,2,3,5,6,9,12,16,28,50,80,124,205,488,858,2027
2013-03-18,30,4,5,8,11,14,20,30,38,68,120,191,295,488,1158,2038,4812
2013-03-25,24,3,4,6,9,11,16,24,30,54,95,152,234,387,920,1617,3819
2013-04-01,18,3,3,5,7,8,12,18,23,41,73,116,178,295,699,1230,2902
2013-04-08,30,4,6,8,11,14,21,30,38,69,121,193,297,490,1163,2044,4822
2013-04-15,7,1,1,2,2,3,5,7,9,15,27,43,66,109,258,453,1068
2013-04-22,22,3,4,6,8,10,15,22,27,49,87,138,212,350,828,1454,3426
2013-04-29,21,3,4,6,8,10,15,21,27,49,86,137,210,347,820,1439,3390
2013-05-06,17,3,3,5,7,8,12,17,22,40,70,111,170,281,664,1165,2741
2013-05-13,16,2,3,4,6,7,11,16,20,35,62,99,152,250,590,1035,2433
2013-05-20,11,2,2,3,4,5,8,11,14,26,45,72,110,182,429,752,1767
2013-05-27,12,2,2,3,5,6,9,12,16,28,49,77,118,195,460,804,1889
2013-06-03,20,3,4,5,7,9,14,20,25,45,78,124,190,312,736,1286,3019
2013-06-10,16,2,3,4,6,8,11,16,20,36,64,101,154,252,595,1039,2437
2013-06-17,5,1,1,1,2,2,3,5,6,10,18,28,43,71,168,293,687
2013-06-24,18,3,3,5,7,8,12,18,22,40,70,110,168,275,648,1131,2651
2013-07-01,13,2,3,4,5,6,9,13,17,30,52,82,126,206,486,849,1991
2013-07-08,20,3,4,5,7,9,14,20,25,45,79,125,191,314,741,1298,3052
2013-07-15,12,2,2,3,5,6,9,12,16,28,50,80,123,204,486,856,2023
2013-07-22,12,2,2,3,4,6,8,12,16,28,51,81,125,208,497,879,2088
2013-07-29,21,3,4,6,8,10,15,21,27,48,85,134,205,338,799,1400,3294
2013-08-05,18,3,4,5,7,9,13,18,23,41,72,113,173,283,666,1162,2722
2013-08-12,7,1,1,2,3,4,5,7,9,16,29,45,68,112,263,458,1070
2013-08-19,8,1,2,2,3,4,5,8,10,17,30,47,72,118,276,479,1119
2013-08-26,9,1,2,3,4,5,7,9,12,21,36,57,87,141,331,576,1343
2013-09-02,9,1,2,2,3,4,6,9,11,19,34,53,80,130,305,530,1237
2013-09-09,8,1,2,2,3,4,5,8,10,17,30,47,72,117,273,475,1106
2013-09-16,11,2,2,3,4,5,8,11,14,25,43,67,102,166,387,672,1564
2013-09-23,5,1,1,1,2,3,4,5,7,12,20,32,48,78,182,316,735
2013-09-30,12,2,2,3,4,6,8,12,14,25,44,69,104,170,396,686,1594
2013-10-07,5,1,1,1,2,2,3,5,6,11,18,29,43,70,164,283,658
2013-10-14,10,2,2,3,4,5,7,10,12,22,38,59,89,144,336,581,1348
2013-10-21,17,3,4,5,7,8,12,17,22,38,66,102,154,250,583,1006,2333
2013-10-28,17,3,3,5,6,8,12,17,21,36,63,98,147,238,554,956,2214
2013-11-04,11,2,2,3,4,5,8,11,13,24,41,63,95,155,359,619,1433
2013-11-11,47,7,10,13,18,23,33,47,58,102,176,274,411,667,1548,2670,6178
2013-11-18,11,2,2,3,4,5,8,11,13,24,41,63,95,154,358,617,1427
2013-11-25,9,1,2,3,4,4,6,9,11,20,34,53,80,130,302,522,1207
2013-12-02,7,1,1,2,3,3,5,7,8,15,25,40,60,97,224,387,897
2013-12-09,10,2,2,3,4,5,7,10,13,23,40,62,93,152,353,610,1414
2013-12-16,11,2,2,3,4,6,8,11,14,25,43,67,102,166,386,668,1551
2013-12-23,7,1,1,2,3,4,5,7,9,16,29,45,68,110,257,447,1040
2013-12-30,5,1,1,1,2,2,4,5,6,11,20,31,47,77,180,314,733
2014-01-06,20,3,4,5,8,9,14,20,25,45,78,123,188,308,725,1268,2975
2014-01-13,7,1,1,2,3,3,5,7,9,16,28,44,68,112,266,468,1104
2014-01-20,13,2,2,3,5,6,9,13,17,30,53,85,131,217,518,917,2179
2014-01-27,27,4,5,7,10,12,19,27,35,63,113,181,281,471,1128,2009,4799
2014-02-03,23,3,4,6,8,10,16,23,29,53,94,152,235,394,944,1680,4014
2014-02-10,7,1,1,2,3,3,5,7,10,17,31,49,76,128,306,544,1300
2014-02-17,18,2,3,4,6,8,12,18,23,41,73,117,181,302,724,1289,3078
2014-02-24,16,2,3,4,6,8,11,16,21,38,68,110,170,284,679,1209,2886
2014-03-03,14,2,2,3,5,6,9,14,18,32,57,92,142,237,567,1010,2410
2014-03-10,7,1,1,2,3,3,5,7,9,16,29,47,73,121,291,517,1234
2014-03-17,17,2,3,4,6,8,12,17,22,40,70,113,174,291,696,1239,2956
2014-03-24,8,1,1,2,3,4,5,8,10,18,32,52,80,133,319,567,1352
2014-03-31,7,1,1,2,2,3,5,7,9,16,28,44,69,114,273,486,1159
2014-04-07,11,1,2,3,4,5,8,11,14,26,46,73,113,189,451,802,1912
2014-04-14,9,1,2,2,3,4,6,9,11,20,35,56,87,145,346,615,1465
2014-04-21,11,2,2,3,4,5,8,11,15,26,47,75,115,192,459,814,1938
2014-04-28,9,1,2,2,3,4,6,9,11,21,37,58,90,150,357,634,1508
2014-05-05,23,3,4,6,8,11,16,23,29,53,93,148,228,380,905,1604,3814
2014-05-12,11,2,2,3,4,5,8,11,14,25,45,71,110,183,435,771,1833
2014-05-19,8,1,1,2,3,4,5,8,10,17,31,49,75,124,296,524,1244
2014-05-26,13,2,2,3,5,6,9,13,16,29,51,80,124,205,488,864,2049
2014-06-02,10,1,2,3,4,5,7,10,13,23,40,64,98,163,387,684,1623
2014-06-09,5,1,1,1,2,2,4,5,7,12,21,33,51,84,200,353,836
2014-06-16,10,1,2,3,4,5,7,10,12,22,39,62,95,157,373,658,1559
2014-06-23,13,2,2,3,5,6,9,13,17,30,53,84,128,213,504,891,2109
2014-06-30,7,1,1,2,3,3,5,7,9,17,29,47,71,118,280,495,1172
2014-07-07,16,2,3,4,6,8,11,16,21,37,65,104,160,265,630,1115,2645
2014-07-14,21,3,4,5,8,10,15,21,27,50,88,140,217,362,865,1539,3672
2014-07-21,9,1,1,2,3,4,6,9,12,21,37,60,94,158,379,680,1633
2014-07-28,15,2,3,4,5,7,10,15,19,35,61,98,150,250,596,1058,2516
2014-08-04,9,1,2,2,3,4,6,9,12,21,36,57,88,145,344,607,1437
2014-08-11,14,2,3,4,5,6,9,14,17,31,54,85,129,214,505,889,2099
2014-08-18,11,2,2,3,4,5,8,11,14,26,45,71,109,179,423,745,1757
2014-08-25,6,1,1,1,2,3,4,6,7,12,22,34,52,86,203,357,842
2014-09-01,12,2,2,3,5,6,8,12,15,27,48,75,114,188,444,780,1837
2014-09-08,15,2,3,4,6,7,10,15,19,34,59,93,141,232,548,961,2263
2014-09-15,14,2,3,4,5,7,10,14,18,31,55,86,130,215,505,886,2085
2014-09-22,23,3,4,6,9,11,16,23,29,52,90,142,215,354,834,1461,3434
2014-09-29,4,1,1,1,2,2,3,4,6,10,17,27,41,67,158,277,649
2014-10-06,6,1,1,2,2,3,4,6,7,13,22,34,52,85,200,350,822
2014-10-13,8,1,2,2,3,4,6,8,10,18,31,48,73,120,282,494,1157
2014-10-20,6,1,1,2,2,3,4,6,8,13,23,37,55,91,213,372,870
2014-10-27,9,1,2,2,3,4,6,9,12,20,35,55,83,137,320,558,1305
2014-11-03,13,2,3,4,5,6,9,13,16,29,50,77,117,191,448,781,1826
2014-11-10,6,1,1,2,2,3,5,6,8,14,25,39,59,96,224,390,912
2014-11-17,8,1,2,2,3,4,6,8,10,18,32,49,74,122,285,496,1160
2014-11-24,8,1,2,2,3,4,6,8,10,17,30,47,71,116,272,474,1108
2014-12-01,14,2,3,4,6,7,10,14,18,32,56,87,131,215,503,878,2054
2014-12-08,4,1,1,1,2,2,3,4,5,9,16,25,37,61,144,251,587
2014-12-15,4,1,1,1,2,2,3,4,5,9,16,26,39,64,150,263,617
2014-12-22,8,1,1,2,3,4,5,8,10,17,30,47,71,118,276,485,1140
2014-12-29,36,5,7,9,13,17,25,36,45,80,140,221,336,555,1309,2303,5432
2015-01-05,9,1,2,2,3,4,6,9,12,21,37,59,90,149,354,625,1480
2015-01-12,17,2,3,4,6,8,12,17,21,38,68,108,165,275,656,1165,2773
2015-01-19,5,1,1,1,2,2,4,5,7,12,22,35,54,91,217,388,931
2015-01-26,11,1,2,3,4,5,7,11,14,25,45,73,113,191,462,832,2007
2015-02-02,16,2,3,4,6,7,11,16,21,39,69,112,174,294,708,1275,3076
2015-02-09,7,1,1,2,3,3,5,7,9,17,30,49,76,129,310,559,1348
2015-02-16,6,1,1,1,2,3,4,6,7,13,24,38,59,100,241,435,1048
2015-02-23,5,1,1,1,2,2,3,5,6,12,21,34,52,89,213,384,926
2015-03-02,50,6,8,12,17,22,34,50,64,117,208,335,520,878,2118,3810,9187
2015-03-09,12,1,2,3,4,5,8,12,16,28,51,81,126,213,514,925,2230
2015-03-16,18,2,3,4,6,8,12,18,23,42,75,120,187,316,760,1367,3295
2015-03-23,29,4,5,7,10,13,20,29,37,68,121,195,302,510,1228,2207,5318
2015-03-30,12,2,2,3,4,6,8,12,16,29,51,82,128,216,519,934,2248
2015-04-06,14,2,2,4,5,7,10,14,19,34,60,96,149,251,604,1085,2613
2015-04-13,10,1,2,2,3,4,7,10,13,23,41,65,101,171,411,737,1774
2015-04-20,6,1,1,2,2,3,4,6,8,15,26,42,65,109,263,472,1135
2015-04-27,2,0,0,1,1,1,1,2,3,5,9,14,22,36,87,156,375
2015-05-04,6,1,1,1,2,3,4,6,8,14,25,40,62,104,249,446,1071
2015-05-11,24,3,4,6,8,11,16,24,30,55,97,155,240,403,967,1733,4158
2015-05-18,43,5,7,11,15,20,30,43,56,100,177,284,438,735,1760,3151,7556
2015-05-25,20,3,3,5,7,9,14,20,26,47,83,133,205,344,823,1472,3528
2015-06-01,10,1,2,2,3,4,7,10,12,22,39,63,97,162,388,693,1661
2015-06-08,26,3,5,7,9,12,18,26,34,61,108,172,264,443,1058,1890,4522
2015-06-15,17,2,3,4,6,8,12,17,22,40,70,112,172,288,689,1230,2941
2015-06-22,11,1,2,3,4,5,7,11,14,25,44,70,108,181,433,772,1846
2015-06-29,11,1,2,3,4,5,7,11,14,25,43,69,107,178,426,760,1817
2015-07-06,17,2,3,4,6,8,12,17,22,40,70,112,173,289,692,1238,2966
2015-07-13,10,1,2,2,3,4,7,10,12,22,40,64,99,166,400,718,1728
2015-07-20,13,1,2,3,4,6,9,13,17,31,56,90,141,241,584,1060,2577
2015-07-27,13,2,2,3,5,6,9,13,17,31,54,87,135,226,544,976,2347
2015-08-03,15,2,3,4,5,7,10,15,19,34,60,96,148,247,589,1052,2515
2015-08-10,23,3,4,6,8,10,16,23,29,52,91,144,221,368,877,1561,3723
2015-08-17,4,0,1,1,1,2,2,4,5,8,14,23,35,58,137,243,580
2015-08-24,23,3,4,6,8,11,16,23,29,52,92,145,222,370,879,1561,3717
2015-08-31,11,1,2,3,4,5,8,11,14,25,44,70,107,179,424,754,1793
2015-09-07,5,1,1,1,2,2,3,5,6,10,18,29,44,74,175,311,738
2015-09-14,9,1,2,2,3,4,6,9,12,21,37,58,88,146,347,615,1461
2015-09-21,7,1,1,2,3,3,5,7,9,17,29,46,70,117,277,491,1164
2015-09-28,7,1,1,2,3,3,5,7,9,16,29,45,69,114,269,476,1130
2015-10-05,5,1,1,1,2,2,4,5,6,12,20,32,48,80,189,334,790
2015-10-12,7,1,1,2,3,3,5,7,9,16,27,43,65,108,254,449,1063
2015-10-19,21,3,4,5,8,10,14,21,26,47,82,128,195,322,761,1343,3175
2015-10-26,14,2,2,4,5,6,9,14,17,30,53,83,126,208,491,867,2047
2015-11-02,12,2,2,3,4,6,8,12,15,26,46,72,109,180,425,749,1768
2015-11-09,10,1,2,3,4,5,7,10,12,22,37,59,89,147,346,610,1439
2015-11-16,10,1,2,3,4,5,7,10,13,23,40,63,96,158,372,656,1548
2015-11-23,14,2,3,4,5,6,10,14,17,31,53,83,126,209,491,866,2042
2015-11-30,14,2,3,4,5,7,10,14,18,31,54,85,129,213,502,884,2088
2015-12-07,10,1,2,3,4,4,7,10,12,21,37,59,89,147,346,611,1445
2015-12-14,15,2,3,4,6,7,10,15,19,34,59,92,140,233,549,971,2299
2015-12-21,21,3,4,5,8,10,15,21,27,48,83,131,200,332,786,1392,3302
2015-12-28,15,2,3,4,5,7,10,15,19,33,58,92,141,234,556,988,2350
2016-01-04,15,2,3,4,5,7,10,15,19,34,61,96,147,246,586,1046,2499
2016-01-11,4,0,1,1,1,2,3,4,5,9,15,24,38,63,152,272,653
2016-01-18,17,2,3,4,6,7,11,17,21,39,69,111,173,292,704,1270,3071
2016-01-25,7,1,1,2,3,3,5,7,10,18,32,52,81,138,336,612,1490
2016-02-01,8,1,1,2,3,4,6,8,11,20,35,57,90,153,371,675,1645
2016-02-08,8,1,1,2,3,3,5,8,10,18,32,52,81,138,336,611,1489
2016-02-15,14,2,2,3,5,6,9,14,18,32,58,94,147,250,607,1103,2687
2016-02-22,18,2,3,4,6,8,12,18,24,44,79,127,199,338,822,1494,3638
2016-02-29,11,1,2,2,4,5,7,11,14,25,46,73,115,195,474,863,2100
2016-03-07,25,3,4,6,9,11,17,25,33,61,108,175,273,465,1129,2052,4994
2016-03-14,19,2,3,4,6,8,13,19,25,45,80,130,202,344,835,1518,3694
2016-03-21,6,1,1,1,2,2,4,6,7,13,24,39,60,102,248,451,1096
2016-03-28,13,1,2,3,4,6,9,13,17,31,55,88,137,233,565,1026,2494
2016-04-04,22,3,4,5,8,10,15,22,29,52,94,151,235,399,967,1755,4266
2016-04-11,8,1,1,2,3,4,6,8,11,20,35,56,88,149,360,653,1587
2016-04-18,21,2,3,5,7,9,14,21,27,50,89,143,223,379,917,1663,4037
2016-04-25,22,3,3,5,7,10,15,22,28,51,91,147,228,388,937,1699,4122
2016-05-02,13,2,2,3,5,6,9,13,17,31,56,90,140,237,572,1036,2512
2016-05-09,8,1,1,2,3,4,6,8,11,19,34,54,85,143,346,626,1517
2016-05-16,7,1,1,2,2,3,5,7,9,16,29,46,72,121,293,529,1281
2016-05-23,14,2,2,3,5,6,10,14,18,33,59,94,145,246,593,1072,2593
2016-05-30,12,1,2,3,4,5,8,12,15,27,48,77,119,201,483,872,2109
2016-06-06,12,1,2,3,4,5,8,12,15,27,49,78,120,203,489,883,2133
2016-06-13,8,1,1,2,3,4,5,8,10,19,33,53,82,138,331,598,1443
2016-06-20,13,2,2,3,4,6,9,13,17,30,53,84,130,220,529,953,2300
2016-06-27,14,2,2,3,5,6,10,14,18,33,58,93,143,241,580,1046,2525
2016-07-04,6,1,1,2,2,3,4,6,8,15,27,42,66,111,267,482,1165
2016-07-11,14,2,2,3,5,6,10,14,18,33,59,95,147,250,603,1093,2651
2016-07-18,26,3,4,6,9,11,17,26,34,62,112,181,283,484,1180,2155,5269
2016-07-25,9,1,1,2,3,4,6,9,12,22,39,62,97,165,401,729,1775
2016-08-01,26,3,4,6,9,12,18,26,33,60,107,170,264,445,1072,1935,4677
2016-08-08,17,2,3,4,6,8,12,17,22,39,69,110,169,285,683,1228,2959
2016-08-15,17,2,3,4,6,8,12,17,22,39,69,109,168,282,675,1213,2918
2016-08-22,10,1,2,2,4,5,7,10,13,23,41,65,100,167,400,719,1728
2016-08-29,24,3,4,6,9,11,17,24,31,56,98,155,239,401,959,1720,4132
2016-09-05,8,1,1,2,3,4,5,8,10,18,32,51,78,131,312,560,1344
2016-09-12,9,1,2,2,3,4,6,9,12,22,38,60,92,155,370,662,1588
2016-09-19,9,1,2,2,3,4,6,9,12,21,37,59,90,150,359,642,1538
2016-09-26,16,2,3,4,6,7,11,16,21,37,65,103,158,264,630,1127,2697
2016-10-03,9,1,2,2,3,4,6,9,12,21,37,58,89,149,355,634,1517
2016-10-10,8,1,1,2,3,4,5,8,10,18,32,50,76,127,303,541,1294
2016-10-17,7,1,1,2,2,3,5,7,9,16,27,43,65,109,259,462,1102
2016-10-24,7,1,1,2,3,3,5,7,9,17,29,45,69,116,274,489,1166
2016-10-31,9,1,2,2,3,4,6,9,12,21,36,57,87,144,343,610,1455
2016-11-07,13,2,2,3,5,6,9,13,17,30,53,83,126,210,498,887,2112
2016-11-14,9,1,2,2,3,4,6,9,11,20,36,56,85,142,337,600,1428
2016-11-21,5,1,1,1,2,2,3,5,6,11,19,29,45,75,177,316,752
2016-11-28,15,2,3,4,5,7,10,15,19,33,58,91,138,231,547,974,2321
2016-12-05,13,2,2,3,5,6,9,13,17,30,52,82,126,209,497,886,2113
2016-12-12,7,1,1,2,3,3,5,7,9,17,29,46,71,118,281,502,1198
2016-12-19,15,2,3,4,6,7,11,15,20,35,62,98,150,251,598,1069,2558
2016-12-26,4,0,1,1,1,2,3,4,5,9,16,25,39,65,156,279,670
2017-01-02,8,1,1,2,3,3,5,8,10,18,31,49,76,128,306,551,1328
2017-01-09,8,1,1,2,3,4,5,8,10,19,33,53,82,139,335,606,1466
2017-01-16,7,1,1,2,2,3,5,7,9,16,28,45,70,120,290,527,1284
2017-01-23,22,2,3,5,7,9,15,22,28,52,94,152,239,410,1000,1834,4498
2017-01-30,7,1,1,2,2,3,5,7,9,17,31,51,79,137,334,614,1510
2017-02-06,21,2,3,5,7,9,14,21,27,51,91,147,231,398,974,1789,4397
2017-02-13,27,3,4,6,9,12,18,27,36,66,119,193,303,521,1274,2340,5751
2017-02-20,10,1,2,2,3,4,7,10,13,25,44,72,113,194,475,873,2146
2017-02-27,8,1,1,2,3,4,5,8,11,20,35,57,90,155,378,694,1705
2017-03-06,9,1,1,2,3,4,6,9,11,21,37,60,95,162,397,729,1790
2017-03-13,11,1,2,2,4,5,7,11,14,26,46,75,117,201,492,902,2216
2017-03-20,28,3,4,6,9,12,19,28,37,68,121,197,308,529,1292,2370,5820
2017-03-27,13,1,2,3,4,6,9,13,17,32,57,92,144,247,603,1106,2716
2017-04-03,6,1,1,1,2,3,4,6,8,15,28,45,70,120,293,537,1318
2017-04-10,10,1,2,2,3,5,7,10,14,25,45,72,113,193,471,864,2118
2017-04-17,11,1,2,2,4,5,7,11,14,26,46,75,117,201,489,896,2195
2017-04-24,14,2,2,3,5,6,10,14,19,34,61,98,153,262,638,1168,2861
2017-05-01,9,1,1,2,3,4,6,9,11,21,37,59,92,158,384,702,1718
2017-05-08,10,1,2,2,3,4,7,10,13,24,43,70,109,186,452,827,2022
2017-05-15,17,2,3,4,6,8,12,17,23,41,73,118,184,314,763,1394,3406
2017-05-22,15,2,2,4,5,7,10,15,20,36,65,104,162,276,671,1225,2992
2017-05-29,26,3,4,6,9,11,17,26,34,61,109,175,272,465,1127,2055,5016
2017-06-05,10,1,2,2,3,4,7,10,13,24,42,68,105,179,434,791,1929
2017-06-12,17,2,3,4,6,7,11,17,22,39,70,112,174,296,718,1308,3188
2017-06-19,3,0,0,1,1,1,2,3,4,7,12,19,30,50,122,222,540
2017-06-26,15,2,2,4,5,7,10,15,20,36,64,103,159,271,657,1195,2912
2017-07-03,11,1,2,3,4,5,8,11,15,27,48,77,119,204,493,899,2192
2017-07-10,7,1,1,1,2,3,4,7,8,15,28,44,69,118,287,525,1284
2017-07-17,22,2,3,5,7,10,15,22,29,54,96,156,245,423,1035,1907,4698
2017-07-24,11,1,2,3,4,5,8,11,15,27,49,79,123,212,518,953,2345
2017-07-31,7,1,1,2,2,3,5,7,9,16,29,46,72,123,297,542,1324
2017-08-07,12,1,2,3,4,5,8,12,16,29,51,82,127,215,520,946,2300
2017-08-14,14,2,2,3,5,6,10,14,19,34,59,95,146,249,599,1088,2641
2017-08-21,6,1,1,2,2,3,4,6,8,15,27,43,66,112,269,488,1183
2017-08-28,16,2,3,4,6,7,11,16,21,37,66,105,162,275,662,1200,2908
2017-09-04,16,2,3,4,6,7,11,16,21,38,67,107,165,279,670,1213,2939
2017-09-11,16,2,3,4,5,7,11,16,20,37,65,103,158,268,644,1165,2820
2017-09-18,9,1,1,2,3,4,6,9,12,21,37,58,89,151,363,657,1589
2017-09-25,10,1,2,2,3,4,7,10,13,23,40,63,98,165,396,715,1727
2017-10-02,14,2,2,3,5,7,10,14,19,33,59,93,143,242,580,1046,2525
2017-10-09,15,2,2,4,5,7,10,15,20,35,62,98,151,255,610,1101,2655
2017-10-16,6,1,1,1,2,3,4,6,8,14,24,38,58,98,235,423,1020
2017-10-23,17,2,3,4,6,8,12,17,22,39,69,109,168,282,675,1214,2924
2017-10-30,6,1,1,1,2,3,4,6,7,13,22,35,54,91,217,390,938
2017-11-06,7,1,1,2,2,3,5,7,9,16,27,43,66,112,266,479,1152
2017-11-13,6,1,1,1,2,3,4,6,8,14,24,38,58,98,233,418,1005
2017-11-20,14,2,2,3,5,6,9,14,18,31,55,87,133,223,532,956,2296
2017-11-27,13,1,2,3,5,6,9,13,16,30,52,81,125,210,500,899,2162
2017-12-04,8,1,1,2,3,3,5,8,10,17,31,48,74,125,298,535,1288
2017-12-11,14,2,2,3,5,6,9,14,18,32,56,88,135,227,543,977,2355
2017-12-18,7,1,1,2,2,3,5,7,9,16,28,45,68,116,277,500,1207
2017-12-25,6,1,1,1,2,2,4,6,7,13,23,36,55,94,225,407,985
2018-01-01,14,2,2,3,5,6,9,14,18,32,57,91,140,238,575,1044,2537
2018-01-08,19,2,3,4,6,8,13,19,25,45,80,128,199,340,822,1501,3662
2018-01-15,4,0,1,1,1,2,3,4,6,11,19,31,48,82,201,368,904
2018-01-22,6,1,1,1,2,3,4,6,8,15,28,45,71,123,302,558,1379
2018-01-29,9,1,1,2,3,4,6,9,12,23,41,67,105,183,450,835,2072
2018-02-05,17,2,2,4,5,7,11,17,22,41,75,122,192,333,821,1523,3778
2018-02-12,30,3,4,7,10,13,20,30,40,74,134,217,343,595,1466,2718,6742
2018-02-19,35,3,5,8,11,15,23,35,47,86,156,253,399,692,1702,3157,7828
2018-02-26,12,1,2,3,4,5,8,12,16,29,52,84,133,230,566,1050,2604
2018-03-05,7,1,1,1,2,3,5,7,9,17,30,48,76,132,326,604,1496
2018-03-12,17,2,2,4,6,7,12,17,23,42,76,124,195,338,830,1539,3814
2018-03-19,20,2,3,4,6,8,13,20,26,48,87,140,221,383,942,1745,4322
2018-03-26,9,1,1,2,3,4,6,9,11,21,38,61,97,167,411,761,1885
2018-04-02,12,1,2,3,4,5,8,12,15,28,50,82,129,223,547,1012,2506
2018-04-09,12,1,2,3,4,5,8,12,15,28,51,82,129,223,547,1011,2502
2018-04-16,23,2,3,5,7,10,15,23,30,56,100,162,254,439,1077,1992,4927
2018-04-23,9,1,1,2,3,4,6,9,12,22,39,63,98,170,417,771,1904
2018-04-30,12,1,2,3,4,5,8,12,16,29,52,84,132,229,560,1034,2555
2018-05-07,10,1,1,2,3,4,7,10,13,24,43,69,108,186,456,843,2079
2018-05-14,32,3,5,7,11,14,22,32,42,78,139,225,352,607,1485,2740,6756
2018-05-21,14,1,2,3,4,6,9,14,18,33,59,95,148,255,623,1148,2829
2018-05-28,9,1,1,2,3,4,6,9,12,21,38,61,96,165,402,741,1825
2018-06-04,13,1,2,3,4,6,9,13,17,31,56,90,141,242,590,1087,2674
2018-06-11,10,1,1,2,3,4,6,10,13,23,41,66,103,177,431,792,1948
2018-06-18,10,1,2,2,3,4,7,10,13,25,44,71,110,189,461,847,2082
2018-06-25,9,1,1,2,3,4,6,9,12,21,38,61,95,163,396,728,1789
2018-07-02,16,2,2,4,5,7,11,16,21,39,69,111,173,298,726,1336,3285
2018-07-09,4,0,1,1,1,2,3,4,5,10,17,28,44,75,185,340,839
2018-07-16,9,1,1,2,3,4,6,9,12,22,39,63,100,174,427,794,1970
2018-07-23,15,1,2,3,5,6,10,15,19,36,64,105,165,287,707,1314,3266
2018-07-30,13,1,2,3,4,5,8,13,16,30,54,87,135,233,570,1051,2589
2018-08-06,13,1,2,3,4,6,9,13,17,32,56,90,140,240,584,1071,2630
2018-08-13,22,2,3,5,7,10,15,22,29,52,93,149,232,397,963,1764,4321
2018-08-20,10,1,1,2,3,4,7,10,13,23,41,66,103,176,426,780,1908
2018-08-27,5,1,1,1,2,2,4,5,7,13,22,36,55,95,229,419,1025
2018-09-03,8,1,1,2,3,4,6,8,11,20,35,55,86,146,355,648,1584
2018-09-10,10,1,1,2,3,4,7,10,13,23,41,65,101,172,417,761,1859
2018-09-17,9,1,1,2,3,4,6,9,11,20,36,57,88,150,363,663,1618
2018-09-24,5,1,1,1,2,2,4,5,7,13,22,36,55,94,226,413,1006
2018-10-01,16,2,2,4,5,7,11,16,20,36,64,102,158,269,648,1181,2877
2018-10-08,8,1,1,2,3,4,5,8,10,19,33,53,82,139,335,610,1483
2018-10-15,28,3,4,7,10,13,19,28,37,66,116,184,284,483,1163,2116,5145
2018-10-22,14,1,2,3,5,6,10,14,18,33,58,92,141,240,576,1048,2544
2018-10-29,11,1,2,3,4,5,7,11,14,25,44,70,107,182,438,795,1930
2018-11-05,7,1,1,2,3,3,5,7,10,17,31,48,74,126,303,551,1336
2018-11-12,8,1,1,2,3,4,6,8,11,19,34,53,82,139,334,607,1471
2018-11-19,18,2,3,4,6,8,12,18,23,41,72,114,175,297,713,1292,3133
2018-11-26,8,1,1,2,3,4,6,8,11,19,34,53,82,139,333,604,1464
2018-12-03,7,1,1,2,2,3,5,7,9,16,28,45,69,116,280,508,1232
2018-12-10,21,2,3,5,7,9,14,21,27,49,85,135,208,354,852,1549,3763
2018-12-17,22,2,3,5,8,10,15,22,29,52,91,145,224,381,918,1672,4071
2018-12-24,18,2,3,4,6,8,12,18,23,42,74,117,181,309,747,1365,3331
2018-12-31,14,1,2,3,5,6,10,14,19,34,60,95,148,253,615,1126,2758
2019-01-07,9,1,1,2,3,4,6,9,12,22,39,63,98,169,412,759,1867
2019-01-14,8,1,1,2,2,3,5,8,10,19,33,54,84,145,356,658,1628
2019-01-21,8,1,1,2,3,3,5,8,11,20,36,58,92,160,394,735,1832
2019-01-28,13,1,2,3,4,5,8,13,17,32,57,94,149,260,646,1209,3025
2019-02-04,13,1,2,3,4,5,9,13,17,33,59,96,152,267,662,1239,3099
2019-02-11,5,0,1,1,2,2,4,5,7,14,25,40,64,111,275,516,1290
2019-02-18,13,1,2,3,4,5,9,13,18,33,59,96,152,266,660,1236,3090
2019-02-25,19,2,3,4,6,8,13,19,26,48,87,141,224,391,969,1813,4534
2019-03-04,15,1,2,3,5,6,10,15,20,36,66,107,170,297,736,1378,3446
2019-03-11,8,1,1,2,3,3,5,8,11,20,37,60,94,165,408,762,1906
2019-03-18,11,1,1,2,3,4,7,11,14,26,48,78,123,214,530,992,2478
2019-03-25,12,1,2,2,4,5,8,12,16,29,53,86,136,238,589,1101,2749
2019-04-01,6,1,1,1,2,3,4,6,8,15,28,45,71,124,306,571,1426
2019-04-08,24,2,3,5,8,10,16,24,32,59,106,172,271,473,1168,2182,5446
2019-04-15,21,2,3,4,7,9,14,21,28,51,92,150,237,413,1019,1902,4744
2019-04-22,12,1,2,3,4,5,8,12,16,29,53,86,136,237,584,1089,2715
2019-04-29,6,1,1,1,2,3,4,6,8,15,28,45,71,124,305,569,1419
2019-05-06,7,1,1,2,2,3,5,7,10,18,32,52,82,143,351,655,1630
2019-05-13,5,0,1,1,2,2,3,5,7,12,22,35,55,96,237,441,1097
2019-05-20,7,1,1,2,2,3,5,7,10,18,31,51,80,139,342,636,1581
2019-05-27,13,1,2,3,4,6,9,13,18,32,58,94,147,256,629,1169,2903
2019-06-03,22,2,3,5,7,9,14,22,29,53,94,152,239,414,1018,1891,4692
2019-06-10,4,0,1,1,1,2,3,4,6,11,19,31,49,85,209,389,964
2019-06-17,8,1,1,2,3,3,5,8,11,20,35,57,89,155,380,704,1746
2019-06-24,15,1,2,3,5,6,10,15,19,36,64,103,161,279,684,1269,3145
2019-07-01,11,1,2,2,4,5,7,11,14,27,47,77,120,208,510,948,2350
2019-07-08,12,1,2,3,4,5,8,12,16,29,52,84,132,230,565,1051,2612
2019-07-15,11,1,1,2,4,5,7,11,15,28,50,81,129,225,556,1041,2602
2019-07-22,14,1,2,3,4,6,9,14,18,34,61,99,158,277,689,1294,3248
2019-07-29,10,1,1,2,3,4,6,10,13,24,43,69,108,188,463,862,2143
2019-08-05,9,1,1,2,3,4,6,9,11,20,37,59,92,159,390,724,1792
2019-08-12,6,1,1,1,2,2,4,6,7,13,24,38,59,102,250,463,1145
2019-08-19,5,0,1,1,2,2,3,5,6,12,21,33,51,89,217,400,987
2019-08-26,9,1,1,2,3,4,6,9,11,21,36,58,91,157,383,707,1743
2019-09-02,9,1,1,2,3,4,6,9,12,22,40,63,99,170,414,764,1883
2019-09-09,5,0,1,1,2,2,3,5,7,12,22,35,54,94,228,420,1035
2019-09-16,7,1,1,2,2,3,5,7,9,17,30,48,75,128,312,575,1415
2019-09-23,9,1,1,2,3,4,6,9,12,21,38,60,94,161,392,722,1775
2019-09-30,10,1,1,2,3,4,7,10,14,25,43,69,108,185,449,827,2031
2019-10-07,18,2,3,4,6,8,12,18,23,42,75,119,184,316,768,1411,3462
2019-10-14,27,3,4,6,9,12,18,27,35,64,114,181,280,481,1166,2140,5248
2019-10-21,18,2,3,4,6,8,12,18,24,43,75,120,185,318,769,1411,3456
2019-10-28,9,1,1,2,3,4,6,9,12,22,39,62,96,164,397,727,1780
2019-11-04,7,1,1,2,2,3,5,7,10,17,30,48,74,127,308,564,1380
2019-11-11,18,2,3,4,6,8,12,18,24,43,76,120,186,317,767,1404,3433
2019-11-18,5,0,1,1,2,2,3,5,6,11,20,32,49,84,204,373,912
2019-11-25,7,1,1,2,2,3,5,7,9,17,29,46,71,122,294,539,1318
2019-12-02,12,1,2,3,4,5,8,12,16,29,52,82,127,217,524,960,2349
2019-12-09,16,1,2,3,5,7,10,16,20,37,65,103,159,273,660,1211,2966
2019-12-16,15,1,2,3,5,7,10,15,20,37,65,103,160,274,664,1220,2995
2019-12-23,8,1,1,2,3,4,6,8,11,20,35,56,86,149,362,666,1639
2019-12-30,6,1,1,1,2,3,4,6,8,15,27,44,68,117,286,529,1305
2020-01-06,11,1,2,2,4,5,8,11,15,27,49,78,122,212,519,964,2389
2020-01-13,11,1,1,2,4,5,7,11,15,27,49,79,123,215,530,990,2466
2020-01-20,11,1,1,2,3,5,7,11,15,28,51,82,130,229,568,1067,2678
2020-01-27,6,0,1,1,2,2,4,6,8,15,27,44,71,125,311,588,1483
2020-02-03,7,1,1,1,2,3,5,7,9,18,32,52,83,147,366,692,1746
2020-02-10,15,1,2,3,5,6,10,15,20,37,68,111,177,313,780,1474,3718
2020-02-17,23,2,3,5,7,9,15,23,31,58,106,173,275,485,1209,2285,5762
2020-02-24,22,2,3,4,7,9,15,22,30,55,101,165,262,462,1151,2174,5481
2020-03-02,10,1,1,2,3,4,7,10,14,25,46,75,119,210,524,989,2494
2020-03-09,8,1,1,1,2,3,5,8,10,19,34,55,88,156,387,731,1844
2020-03-16,13,1,2,3,4,5,9,13,18,33,60,99,157,276,688,1298,3270
2020-03-23,14,1,2,3,4,6,9,14,19,35,64,105,166,293,730,1377,3469
2020-03-30,12,1,1,2,4,5,8,12,16,29,53,86,137,241,600,1132,2850
2020-04-06,12,1,1,2,4,5,8,12,16,29,53,87,138,243,604,1138,2865
2020-04-13,11,1,1,2,3,4,7,11,14,27,49,79,126,221,550,1036,2606
2020-04-20,15,1,2,3,5,6,10,15,20,37,67,109,173,304,755,1422,3576
2020-04-27,33,3,4,7,10,14,22,33,44,81,147,239,379,666,1651,3107,7805
2020-05-04,14,1,2,3,4,6,9,14,19,35,63,102,161,284,703,1322,3319
2020-05-11,28,2,4,6,9,11,18,28,37,68,123,200,316,555,1376,2585,6485
2020-05-18,14,1,2,3,4,6,9,14,19,35,62,101,160,280,693,1302,3262
2020-05-25,3,0,0,1,1,1,2,3,4,8,14,23,37,65,160,300,752
2020-06-01,13,1,2,3,4,5,9,13,17,32,58,94,148,259,640,1200,3003
2020-06-08,13,1,2,3,4,5,9,13,17,32,58,93,147,258,636,1192,2981
2020-06-15,11,1,1,2,3,4,7,11,14,26,46,75,118,206,508,951,2378
2020-06-22,22,2,3,5,7,9,15,22,29,54,97,158,248,433,1069,2001,4999
2020-06-29,4,0,0,1,1,2,2,4,5,9,17,27,42,74,182,340,850
2020-07-06,13,1,2,3,4,6,9,13,18,33,59,96,152,265,656,1230,3079
2020-07-13,21,2,3,4,6,8,14,21,28,51,92,150,238,419,1040,1960,4930
2020-07-20,13,1,2,2,4,5,8,13,18,33,61,100,159,284,712,1354,3439
2020-07-27,13,1,2,3,4,5,8,13,17,32,57,93,147,259,641,1208,3035
2020-08-03,11,1,1,2,4,5,8,11,15,28,50,80,126,221,545,1020,2550
2020-08-10,7,1,1,1,2,3,4,7,9,16,28,46,71,124,306,572,1425
2020-08-17,8,1,1,2,2,3,5,8,10,19,33,54,84,147,361,673,1674
2020-08-24,13,1,2,3,4,6,9,13,17,32,56,91,142,247,606,1130,2810
2020-08-31,19,2,2,4,6,8,12,19,24,45,80,128,200,348,854,1590,3951
2020-09-07,10,1,1,2,3,4,7,10,13,25,44,71,111,192,471,875,2174
2020-09-14,7,1,1,2,2,3,5,7,10,18,31,50,78,136,334,620,1539
2020-09-21,14,1,2,3,5,6,9,14,19,34,61,97,152,264,645,1199,2972
2020-09-28,21,2,3,5,7,9,14,21,28,51,91,146,228,394,964,1790,4433
2020-10-05,9,1,1,2,3,4,6,9,12,22,39,63,98,169,412,765,1893
2020-10-12,12,1,2,3,4,5,8,12,16,29,51,82,128,221,540,1001,2474
2020-10-19,9,1,1,2,3,4,6,9,12,22,39,62,97,168,408,756,1866
2020-10-26,14,1,2,3,4,6,9,14,18,33,58,93,144,248,604,1117,2757
2020-11-02,7,1,1,2,2,3,5,7,10,18,31,50,77,134,325,601,1481
2020-11-09,13,1,2,3,4,5,9,13,17,30,54,86,133,229,556,1028,2533
2020-11-16,14,1,2,3,5,6,10,14,19,34,60,96,149,256,624,1152,2838
2020-11-23,6,1,1,1,2,3,4,6,8,14,25,40,62,107,259,478,1179
2020-11-30,10,1,1,2,3,4,7,10,13,24,43,68,106,183,445,822,2027
2020-12-07,17,1,2,4,5,7,11,17,22,40,71,114,177,306,745,1378,3400
2020-12-14,9,1,1,2,3,4,6,9,12,22,38,61,95,164,400,741,1831
2020-12-21,16,1,2,3,5,7,11,16,21,39,69,110,172,298,728,1352,3350
2020-12-28,6,1,1,1,2,3,4,6,8,15,26,43,66,116,283,528,1313
2021-01-04,16,1,2,3,5,7,11,16,21,39,69,112,175,306,752,1406,3509
2021-01-11,9,1,1,2,3,4,6,9,11,21,38,61,96,169,418,786,1972
2021-01-18,21,2,3,4,6,9,14,21,28,53,96,156,248,437,1089,2061,5202
2021-01-25,13,1,1,2,4,5,8,13,17,32,59,96,154,274,689,1314,3341
2021-02-01,8,1,1,2,2,3,5,8,11,20,37,61,97,173,433,825,2099
2021-02-08,8,1,1,1,2,3,5,8,11,20,36,59,95,169,423,806,2050
2021-02-15,16,1,2,3,5,6,10,16,21,40,73,120,192,342,857,1634,4154
2021-02-22,40,3,5,8,12,16,26,40,55,102,186,306,488,869,2179,4152,10556
2021-03-01,15,1,2,3,4,6,9,15,20,37,67,110,176,313,784,1493,3794
2021-03-08,13,1,2,3,4,5,8,13,18,33,60,98,157,280,701,1335,3393
2021-03-15,12,1,1,2,4,5,8,12,16,30,54,89,142,253,634,1208,3068
2021-03-22,8,1,1,2,2,3,5,8,11,20,37,60,96,170,426,811,2060
2021-03-29,14,1,2,3,4,5,9,14,18,34,62,102,162,288,721,1371,3480
2021-04-05,29,2,3,6,9,12,19,29,39,73,132,216,344,612,1530,2910,7384
2021-04-12,8,1,1,2,2,3,5,8,11,21,37,61,98,173,433,823,2086
2021-04-19,13,1,1,2,4,5,8,13,17,31,57,93,148,263,656,1246,3159
2021-04-26,14,1,2,3,4,6,9,14,18,34,62,101,161,285,712,1352,3425
2021-05-03,13,1,2,3,4,5,8,13,17,32,59,96,152,269,672,1276,3229
2021-05-10,9,1,1,2,3,4,6,9,13,23,42,69,109,194,483,915,2315
2021-05-17,14,1,2,3,4,6,9,14,19,35,63,102,162,286,713,1350,3412
2021-05-24,7,1,1,1,2,3,5,7,10,18,33,54,86,151,377,713,1800
2021-05-31,8,1,1,2,2,3,5,8,10,19,35,57,90,158,394,746,1881
2021-06-07,13,1,2,3,4,5,9,13,18,33,60,97,154,272,676,1277,3221
2021-06-14,11,1,1,2,3,4,7,11,14,26,47,77,121,214,532,1005,2532
2021-06-21,15,1,2,3,5,6,10,15,20,37,66,108,170,300,745,1406,3542
2021-06-28,16,1,2,3,5,7,11,16,22,41,73,119,188,332,824,1557,3921
2021-07-05,10,1,1,2,3,4,6,10,13,25,44,72,113,200,498,942,2376
2021-07-12,22,2,3,4,7,9,14,22,30,55,100,163,260,461,1150,2185,5533
2021-07-19,12,1,1,2,3,5,8,12,16,31,56,93,149,266,671,1285,3285
2021-07-26,15,1,2,3,4,6,10,15,20,38,68,111,177,314,785,1493,3786
2021-08-02,9,1,1,2,3,4,6,9,12,23,41,67,105,186,462,872,2199
2021-08-09,11,1,1,2,3,5,7,11,15,27,49,78,124,218,539,1015,2550
2021-08-16,11,1,1,2,3,5,7,11,15,28,50,81,127,223,551,1036,2599
2021-08-23,8,1,1,2,2,3,5,8,11,20,35,57,89,156,386,725,1818
2021-08-30,6,0,1,1,2,3,4,6,9,16,28,45,71,125,308,579,1450
2021-09-06,9,1,1,2,3,4,6,9,12,22,40,65,101,178,438,823,2060
2021-09-13,13,1,2,3,4,5,8,13,17,31,56,90,142,248,611,1146,2866
2021-09-20,12,1,2,3,4,5,8,12,16,30,53,86,135,236,580,1088,2719
2021-09-27,5,0,1,1,1,2,3,5,6,12,21,33,52,92,225,422,1054
2021-10-04,4,0,0,1,1,2,3,4,5,10,17,27,43,75,184,345,860
2021-10-11,17,1,2,3,5,7,11,17,22,40,72,115,180,315,773,1444,3600
2021-10-18,21,2,3,4,7,9,14,21,28,52,92,147,229,399,979,1828,4552
2021-10-25,12,1,1,2,4,5,8,12,15,28,50,80,124,216,530,988,2459
2021-11-01,14,1,2,3,5,6,10,14,19,35,62,99,154,268,656,1224,3042
2021-11-08,9,1,1,2,3,4,6,9,12,23,40,64,100,173,424,791,1965
2021-11-15,18,1,2,4,6,7,12,18,23,42,75,119,186,323,791,1474,3661
2021-11-22,8,1,1,2,3,3,6,8,11,20,36,57,89,155,378,705,1750
2021-11-29,14,1,2,3,4,6,9,14,18,34,60,96,149,260,636,1185,2945
2021-12-06,14,1,2,3,4,6,9,14,18,33,59,95,148,257,630,1174,2921
2021-12-13,12,1,1,2,4,5,8,12,16,28,51,81,126,221,541,1011,2519
2021-12-20,10,1,1,2,3,4,7,10,13,24,43,68,107,187,459,860,2147
2021-12-27,9,1,1,2,3,4,6,9,11,21,38,61,95,167,413,775,1940
2022-01-03,11,1,1,2,3,5,7,11,15,28,49,80,125,220,546,1028,2585
2022-01-10,14,1,2,3,4,6,9,14,19,35,63,103,163,287,715,1354,3420
2022-01-17,13,1,1,2,4,5,8,13,17,32,58,95,151,270,675,1286,3269
2022-01-24,11,1,1,2,3,4,7,11,15,28,52,85,137,246,620,1190,3048
2022-01-31,15,1,2,3,4,6,10,15,21,39,72,118,190,342,863,1660,4254
2022-02-07,14,1,1,3,4,5,9,14,19,36,65,107,172,309,781,1501,3848
2022-02-14,9,1,1,2,3,4,6,9,13,24,44,73,117,211,532,1022,2620
2022-02-21,7,0,1,1,2,3,4,7,9,17,31,52,83,149,376,722,1850
2022-02-28,24,2,3,4,7,9,15,24,32,60,110,181,290,520,1311,2519,6452
2022-03-07,17,1,2,3,5,7,11,17,23,44,80,132,212,380,957,1839,4710
2022-03-14,62,4,7,11,18,24,40,62,84,158,288,473,759,1361,3431,6589,16870
2022-03-21,11,1,1,2,3,4,7,11,15,29,53,87,139,249,626,1202,3077
2022-03-28,10,1,1,2,3,4,7,10,14,27,49,80,128,230,579,1110,2840
2022-04-04,17,1,2,3,5,7,11,17,24,44,81,133,212,380,957,1835,4693
2022-04-11,8,1,1,1,2,3,5,8,11,20,36,60,95,171,430,824,2106
2022-04-18,12,1,1,2,3,5,8,12,16,30,54,89,142,253,637,1220,3115
2022-04-25,26,2,3,5,7,10,17,26,35,65,118,193,309,552,1388,2657,6783
2022-05-02,13,1,1,2,4,5,8,13,17,33,59,97,155,277,696,1331,3396
2022-05-09,10,1,1,2,3,4,6,10,13,25,45,74,118,210,527,1007,2566
2022-05-16,13,1,1,2,4,5,8,13,17,32,58,96,152,272,681,1300,3312
2022-05-23,10,1,1,2,3,4,6,10,13,24,44,72,115,205,514,981,2497
2022-05-30,8,1,1,2,2,3,5,8,11,21,38,62,99,176,439,838,2131
2022-06-06,13,1,1,2,4,5,8,13,17,32,59,95,152,270,675,1286,3269
2022-06-13,10,1,1,2,3,4,7,10,14,26,47,77,122,217,543,1034,2627
2022-06-20,8,1,1,1,2,3,5,8,11,20,35,58,91,163,406,773,1962
2022-06-27,7,0,1,1,2,3,5,7,9,18,32,52,82,146,365,696,1766
2022-07-04,11,1,1,2,3,4,7,11,14,27,48,79,125,223,558,1064,2704
2022-07-11,13,1,1,2,4,5,8,13,17,33,59,97,155,276,693,1326,3382
2022-07-18,17,1,2,3,5,7,11,17,23,44,80,132,213,384,972,1875,4821
2022-07-25,11,1,1,2,3,4,7,11,15,29,52,85,137,245,617,1184,3030
2022-08-01,19,1,2,4,6,7,12,19,25,47,85,138,220,391,979,1866,4741
2022-08-08,10,1,1,2,3,4,6,10,13,25,44,72,114,202,504,957,2424
2022-08-15,8,1,1,1,2,3,5,8,10,19,34,56,88,156,388,736,1862
2022-08-22,13,1,1,2,4,5,8,13,17,31,56,91,144,254,631,1197,3024
2022-08-29,10,1,1,2,3,4,6,10,13,24,44,71,112,198,491,930,2347
2022-09-05,6,0,1,1,2,2,4,6,8,14,26,41,65,115,285,540,1362
2022-09-12,5,0,1,1,2,2,4,5,7,13,24,39,61,108,267,505,1273
2022-09-19,12,1,1,2,4,5,8,12,16,30,54,86,136,240,594,1123,2828
2022-09-26,12,1,1,2,3,5,8,12,15,28,51,82,128,226,560,1057,2661
2022-10-03,8,1,1,2,2,3,5,8,10,19,34,54,86,151,373,703,1769
2022-10-10,7,0,1,1,2,3,5,7,9,17,30,49,76,134,331,624,1568
2022-10-17,10,1,1,2,3,4,7,10,13,24,43,70,110,193,475,895,2246
2022-10-24,14,1,2,3,4,6,9,14,19,34,61,98,154,271,667,1255,3147
2022-10-31,11,1,1,2,3,5,7,11,15,27,48,77,120,211,520,978,2451
2022-11-07,7,1,1,1,2,3,5,7,10,18,31,50,78,138,339,637,1594
2022-11-14,8,1,1,2,3,3,5,8,11,20,36,57,90,157,387,726,1818
2022-11-21,5,0,1,1,2,2,3,5,7,12,21,34,54,94,232,435,1089
2022-11-28,13,1,2,3,4,5,9,13,17,32,56,90,141,248,611,1148,2874
2022-12-05,9,1,1,2,3,4,6,9,11,21,37,60,94,165,407,766,1920
2022-12-12,7,0,1,1,2,3,4,7,9,16,29,47,74,130,320,603,1514
2022-12-19,18,1,2,4,5,7,12,18,24,45,80,128,202,355,878,1657,4166
2022-12-26,12,1,1,2,4,5,8,12,16,29,53,85,134,236,586,1108,2794
2023-01-02,10,1,1,2,3,4,7,10,14,26,46,75,118,209,521,989,2502
2023-01-09,9,1,1,2,3,4,6,9,12,23,41,67,106,190,474,905,2301
2023-01-16,13,1,1,2,4,5,8,13,17,33,59,97,154,277,697,1338,3422
2023-01-23,12,1,1,2,3,5,8,12,16,30,56,92,148,268,680,1315,3388
2023-01-30,13,1,1,2,4,5,9,13,18,35,64,106,171,309,785,1523,3933
2023-02-06,6,0,1,1,2,2,4,6,9,17,31,51,82,149,379,735,1897
2023-02-13,17,1,2,3,5,7,11,17,24,45,83,137,221,400,1016,1969,5083
2023-02-20,19,1,2,3,5,7,12,19,26,50,91,150,242,437,1109,2150,5549
2023-02-27,15,1,1,3,4,6,9,15,20,38,70,115,185,335,849,1645,4246
2023-03-06,14,1,1,2,4,5,9,14,19,36,65,108,174,315,799,1547,3991
2023-03-13,9,1,1,2,3,4,6,9,13,24,44,72,116,210,531,1029,2654
2023-03-20,7,0,1,1,2,3,4,7,9,18,32,53,86,155,392,758,1955
2023-03-27,22,1,2,4,6,9,14,22,30,58,105,173,279,504,1277,2470,6368
2023-04-03,8,0,1,1,2,3,5,8,11,20,37,61,98,176,446,863,2222
2023-04-10,15,1,1,3,4,6,9,15,20,38,69,114,183,330,836,1616,4161
2023-04-17,23,1,2,4,6,9,14,23,31,58,106,174,279,504,1274,2460,6332
2023-04-24,11,1,1,2,3,4,7,11,15,28,50,82,132,239,603,1165,2996
2023-05-01,22,1,2,4,6,8,14,22,29,55,101,165,265,478,1207,2329,5988
2023-05-08,12,1,1,2,3,5,7,12,16,30,54,89,143,258,650,1254,3220
2023-05-15,18,1,2,3,5,7,12,18,25,47,86,141,225,405,1021,1966,5046
2023-05-22,12,1,1,2,3,5,8,12,16,31,56,92,148,265,669,1287,3301
2023-05-29,27,2,3,5,8,10,17,27,36,69,124,203,325,584,1470,2828,7247
2023-06-05,11,1,1,2,3,4,7,11,16,29,53,86,138,248,623,1198,3067
2023-06-12,12,1,1,2,4,5,8,12,17,31,57,92,147,264,664,1276,3265
2023-06-19,11,1,1,2,3,4,7,11,14,27,49,80,128,229,576,1106,2830
2023-06-26,21,1,2,4,6,8,14,21,28,53,96,157,250,449,1127,2163,5533
2023-07-03,16,1,2,3,5,6,10,16,22,41,74,121,193,346,871,1673,4282
2023-07-10,15,1,1,3,4,6,9,15,20,38,68,112,179,322,813,1566,4021
2023-07-17,11,1,1,2,3,4,7,11,15,29,53,88,142,258,655,1273,3293
2023-07-24,8,0,1,1,2,3,5,8,11,22,40,66,106,191,485,941,2429
2023-07-31,20,1,2,4,6,8,13,20,26,50,90,148,236,424,1066,2050,5252
2023-08-07,21,1,2,4,6,8,14,21,29,54,97,159,252,452,1132,2170,5539
2023-08-14,7,0,1,1,2,3,4,7,9,17,31,50,80,142,356,682,1737
2023-08-21,4,0,0,1,1,2,3,4,5,10,18,30,47,84,209,400,1018
2023-08-28,13,1,1,2,4,5,8,13,18,33,59,96,152,270,675,1289,3280
2023-09-04,26,2,3,5,8,10,17,26,35,65,117,190,301,536,1338,2553,6491
2023-09-11,9,1,1,2,3,4,6,9,12,22,40,65,103,184,459,875,2222
2023-09-18,10,1,1,2,3,4,6,10,13,24,44,71,112,199,496,946,2400
2023-09-25,21,1,2,4,6,8,14,21,28,52,93,151,238,423,1053,2004,5082
2023-10-02,11,1,1,2,3,5,7,11,15,28,51,82,129,230,572,1088,2757
2023-10-09,5,0,1,1,2,2,3,5,7,13,23,37,58,104,257,489,1238
2023-10-16,6,0,1,1,2,2,4,6,8,15,27,44,69,123,305,578,1463
2023-10-23,14,1,2,3,4,6,9,14,19,35,63,102,160,283,703,1333,3366
2023-10-30,8,0,1,1,2,3,5,8,10,19,35,56,88,155,384,729,1839
2023-11-06,16,1,2,3,5,7,11,16,22,40,72,115,181,321,794,1504,3794
2023-11-13,16,1,2,3,5,7,11,16,22,40,72,115,181,321,794,1502,3787
2023-11-20,5,0,1,1,2,2,3,5,7,13,23,37,59,104,257,486,1224
2023-11-27,11,1,1,2,3,5,7,11,15,28,50,80,126,223,553,1046,2637
2023-12-04,7,0,1,1,2,3,5,7,9,17,31,50,78,138,341,646,1629
2023-12-11,15,1,2,3,4,6,10,15,20,38,67,108,169,300,744,1410,3559
2023-12-18,9,1,1,2,3,4,6,9,12,22,40,64,101,178,443,841,2125
2023-12-25,7,0,1,1,2,3,5,7,10,18,32,51,81,143,356,676,1712
